"url","type","status","location","in_sitemap","sitemap_type","canonical","robots","discovered_from","issue"
"http://localhost:8082/job-outlook-for-physical-therapist-assistant-2022/","page","200","","yes","post","http://localhost:8082/job-outlook-for-physical-therapist-assistant-2022/","index, follow, max-snippet:-1, max-video-preview:-1, max-image-preview:large","http://localhost:8082/post-sitemap.xml",""
"http://localhost:8082/a-breakdown-of-the-nursing-degree-program/","page","200","","yes","post","http://localhost:8082/a-breakdown-of-the-nursing-degree-program/","index, follow, max-snippet:-1, max-video-preview:-1, max-image-preview:large","http://localhost:8082/post-sitemap.xml",""
"http://localhost:8082/why-should-you-become-a-physical-therapist-assistant/","page","200","","yes","post","http://localhost:8082/why-should-you-become-a-physical-therapist-assistant/","index, follow, max-snippet:-1, max-video-preview:-1, max-image-preview:large","http://localhost:8082/post-sitemap.xml",""
"http://localhost:8082/how-to-become-a-physical-therapist-assistant-a-step-by-step-guide/","page","200","","yes","post","http://localhost:8082/how-to-become-a-physical-therapist-assistant-a-step-by-step-guide/","index, follow, max-snippet:-1, max-video-preview:-1, max-image-preview:large","http://localhost:8082/post-sitemap.xml",""
"http://localhost:8082/physical-therapist-assistant-program-requirements/","page","200","","yes","post","http://localhost:8082/physical-therapist-assistant-program-requirements/","index, follow, max-snippet:-1, max-video-preview:-1, max-image-preview:large","http://localhost:8082/post-sitemap.xml",""
"http://localhost:8082/choosing-u-s-higher-education/","page","200","","yes","post","http://localhost:8082/choosing-u-s-higher-education/","index, follow, max-snippet:-1, max-video-preview:-1, max-image-preview:large","http://localhost:8082/post-sitemap.xml",""
"http://localhost:8082/what-physical-therapist-assistants-do/","page","200","","yes","post","http://localhost:8082/what-physical-therapist-assistants-do/","index, follow, max-snippet:-1, max-video-preview:-1, max-image-preview:large","http://localhost:8082/post-sitemap.xml",""
"http://localhost:8082/registered-nurse-rn-associate-in-applied-science/","page","200","","yes","post","http://localhost:8082/registered-nurse-rn-associate-in-applied-science/","index, follow, max-snippet:-1, max-video-preview:-1, max-image-preview:large","http://localhost:8082/post-sitemap.xml",""
"http://localhost:8082/how-to-become-a-registered-nurse-in-6-steps/","page","200","","yes","post","http://localhost:8082/how-to-become-a-registered-nurse-in-6-steps/","index, follow, max-snippet:-1, max-video-preview:-1, max-image-preview:large","http://localhost:8082/post-sitemap.xml",""
"http://localhost:8082/physical-therapist-assistant-job-description/","page","200","","yes","post","http://localhost:8082/physical-therapist-assistant-job-description/","index, follow, max-snippet:-1, max-video-preview:-1, max-image-preview:large","http://localhost:8082/post-sitemap.xml",""
"http://localhost:8082/job-outlook-for-rn-2022/","page","200","","yes","post","http://localhost:8082/job-outlook-for-rn-2022/","index, follow, max-snippet:-1, max-video-preview:-1, max-image-preview:large","http://localhost:8082/post-sitemap.xml",""
"http://localhost:8082/become-registered-nurse-miami-florida/","page","200","","yes","post","http://localhost:8082/become-registered-nurse-miami-florida/","index, follow, max-snippet:-1, max-video-preview:-1, max-image-preview:large","http://localhost:8082/post-sitemap.xml",""
"http://localhost:8082/board-of-nursing-professional-licensure-requirements/","page","200","","yes","post","http://localhost:8082/board-of-nursing-professional-licensure-requirements/","index, follow, max-snippet:-1, max-video-preview:-1, max-image-preview:large","http://localhost:8082/post-sitemap.xml",""
"http://localhost:8082/occupational-outlook-physical-therapist-assistant/","page","200","","yes","post","http://localhost:8082/occupational-outlook-physical-therapist-assistant/","index, follow, max-snippet:-1, max-video-preview:-1, max-image-preview:large","http://localhost:8082/post-sitemap.xml",""
"http://localhost:8082/employment-outlook-for-pta/","page","200","","yes","post","http://localhost:8082/employment-outlook-for-pta/","index, follow, max-snippet:-1, max-video-preview:-1, max-image-preview:large","http://localhost:8082/post-sitemap.xml",""
"http://localhost:8082/how-to-pay-for-college/","page","200","","yes","post","http://localhost:8082/how-to-pay-for-college/","index, follow, max-snippet:-1, max-video-preview:-1, max-image-preview:large","http://localhost:8082/post-sitemap.xml",""
"http://localhost:8082/physical-therapist-assistant-in-florida/","page","200","","yes","post","http://localhost:8082/physical-therapist-assistant-in-florida/","index, follow, max-snippet:-1, max-video-preview:-1, max-image-preview:large","http://localhost:8082/post-sitemap.xml",""
"http://localhost:8082/registered-nurses-make-florida/","page","200","","yes","post","http://localhost:8082/registered-nurses-make-florida/","index, follow, max-snippet:-1, max-video-preview:-1, max-image-preview:large","http://localhost:8082/post-sitemap.xml",""
"http://localhost:8082/professional-nursing-values/","page","200","","yes","post","http://localhost:8082/professional-nursing-values/","index, follow, max-snippet:-1, max-video-preview:-1, max-image-preview:large","http://localhost:8082/post-sitemap.xml",""
"http://localhost:8082/patient-dignity-healthcare/","page","200","","yes","post","http://localhost:8082/patient-dignity-healthcare/","index, follow, max-snippet:-1, max-video-preview:-1, max-image-preview:large","http://localhost:8082/post-sitemap.xml",""
"http://localhost:8082/blog-registered-nurse-in-florida-career-path/","page","200","","yes","post","http://localhost:8082/blog-registered-nurse-in-florida-career-path/","index, follow, max-snippet:-1, max-video-preview:-1, max-image-preview:large","http://localhost:8082/post-sitemap.xml",""
"http://localhost:8082/professional-nurse-registered-nurse/","page","200","","yes","post","http://localhost:8082/professional-nurse-registered-nurse/","index, follow, max-snippet:-1, max-video-preview:-1, max-image-preview:large","http://localhost:8082/post-sitemap.xml",""
"http://localhost:8082/blog-physical-therapist-assistant-program/","page","200","","yes","post","http://localhost:8082/blog-physical-therapist-assistant-program/","index, follow, max-snippet:-1, max-video-preview:-1, max-image-preview:large","http://localhost:8082/post-sitemap.xml",""
"http://localhost:8082/become-physical-therapist-assistant-7-steps/","page","200","","yes","post","http://localhost:8082/become-physical-therapist-assistant-7-steps/","index, follow, max-snippet:-1, max-video-preview:-1, max-image-preview:large","http://localhost:8082/post-sitemap.xml",""
"http://localhost:8082/pta-salary-guide/","page","200","","yes","post","http://localhost:8082/pta-salary-guide/","index, follow, max-snippet:-1, max-video-preview:-1, max-image-preview:large","http://localhost:8082/post-sitemap.xml",""
"http://localhost:8082/home-health-physical-therapist-assistant/","page","200","","yes","post","http://localhost:8082/home-health-physical-therapist-assistant/","index, follow, max-snippet:-1, max-video-preview:-1, max-image-preview:large","http://localhost:8082/post-sitemap.xml",""
"http://localhost:8082/physical-therapy-school/","page","200","","yes","post","http://localhost:8082/physical-therapy-school/","index, follow, max-snippet:-1, max-video-preview:-1, max-image-preview:large","http://localhost:8082/post-sitemap.xml",""
"http://localhost:8082/pta-program-near-me/","page","200","","yes","post","http://localhost:8082/pta-program-near-me/","index, follow, max-snippet:-1, max-video-preview:-1, max-image-preview:large","http://localhost:8082/post-sitemap.xml",""
"http://localhost:8082/males-in-nursing/","page","200","","yes","post","http://localhost:8082/males-in-nursing/","index, follow, max-snippet:-1, max-video-preview:-1, max-image-preview:large","http://localhost:8082/post-sitemap.xml",""
"http://localhost:8082/how-much-does-a-physical-therapist-assistant-make/","page","200","","yes","post","http://localhost:8082/how-much-does-a-physical-therapist-assistant-make/","index, follow, max-snippet:-1, max-video-preview:-1, max-image-preview:large","http://localhost:8082/post-sitemap.xml",""
"http://localhost:8082/understanding-pta-role/","page","200","","yes","post","http://localhost:8082/understanding-pta-role/","index, follow, max-snippet:-1, max-video-preview:-1, max-image-preview:large","http://localhost:8082/post-sitemap.xml",""
"http://localhost:8082/become-a-nurse-in-florida-at-saber-college/","page","200","","yes","post","http://localhost:8082/become-a-nurse-in-florida-at-saber-college/","index, follow, max-snippet:-1, max-video-preview:-1, max-image-preview:large","http://localhost:8082/post-sitemap.xml",""
"http://localhost:8082/professional-nursing-demands-grow-in-florida-as-population-ages/","page","200","","yes","post","http://localhost:8082/professional-nursing-demands-grow-in-florida-as-population-ages/","index, follow, max-snippet:-1, max-video-preview:-1, max-image-preview:large","http://localhost:8082/post-sitemap.xml",""
"http://localhost:8082/4-reasons-to-become-a-nurse-in-2022/","page","200","","yes","post","http://localhost:8082/4-reasons-to-become-a-nurse-in-2022/","index, follow, max-snippet:-1, max-video-preview:-1, max-image-preview:large","http://localhost:8082/post-sitemap.xml",""
"http://localhost:8082/duties-of-a-physical-therapist-assistant/","page","200","","yes","post","http://localhost:8082/duties-of-a-physical-therapist-assistant/","index, follow, max-snippet:-1, max-video-preview:-1, max-image-preview:large","http://localhost:8082/post-sitemap.xml",""
"http://localhost:8082/what-you-can-do-with-a-nursing-degree/","page","200","","yes","post","http://localhost:8082/what-you-can-do-with-a-nursing-degree/","index, follow, max-snippet:-1, max-video-preview:-1, max-image-preview:large","http://localhost:8082/post-sitemap.xml",""
"http://localhost:8082/understanding-floridas-nclex/","page","200","","yes","post","http://localhost:8082/understanding-floridas-nclex/","index, follow, max-snippet:-1, max-video-preview:-1, max-image-preview:large","http://localhost:8082/post-sitemap.xml",""
"http://localhost:8082/learn-about-physical-therapist-assistants/","page","200","","yes","post","http://localhost:8082/learn-about-physical-therapist-assistants/","index, follow, max-snippet:-1, max-video-preview:-1, max-image-preview:large","http://localhost:8082/post-sitemap.xml",""
"http://localhost:8082/becoming-a-physical-therapist-assistant/","page","200","","yes","post","http://localhost:8082/becoming-a-physical-therapist-assistant/","index, follow, max-snippet:-1, max-video-preview:-1, max-image-preview:large","http://localhost:8082/post-sitemap.xml",""
"http://localhost:8082/how-long-does-it-take-to-become-a-physical-therapist-assistant/","page","200","","yes","post","http://localhost:8082/how-long-does-it-take-to-become-a-physical-therapist-assistant/","index, follow, max-snippet:-1, max-video-preview:-1, max-image-preview:large","http://localhost:8082/post-sitemap.xml",""
"http://localhost:8082/requirements-to-become-a-physical-therapist-assistant-in-florida/","page","200","","yes","post","http://localhost:8082/requirements-to-become-a-physical-therapist-assistant-in-florida/","index, follow, max-snippet:-1, max-video-preview:-1, max-image-preview:large","http://localhost:8082/post-sitemap.xml",""
"http://localhost:8082/can-i-take-the-nclex-without-a-nursing-degree/","page","200","","yes","post","http://localhost:8082/can-i-take-the-nclex-without-a-nursing-degree/","index, follow, max-snippet:-1, max-video-preview:-1, max-image-preview:large","http://localhost:8082/post-sitemap.xml",""
"http://localhost:8082/preparing-to-become-a-registered-nurse/","page","200","","yes","post","http://localhost:8082/preparing-to-become-a-registered-nurse/","index, follow, max-snippet:-1, max-video-preview:-1, max-image-preview:large","http://localhost:8082/post-sitemap.xml",""
"http://localhost:8082/physical_therapist_assistant_program_in_miami/","page","200","","yes","post","http://localhost:8082/physical_therapist_assistant_program_in_miami/","index, follow, max-snippet:-1, max-video-preview:-1, max-image-preview:large","http://localhost:8082/post-sitemap.xml",""
"http://localhost:8082/become-an-rn-in-florida/","page","200","","yes","post","http://localhost:8082/become-an-rn-in-florida/","index, follow, max-snippet:-1, max-video-preview:-1, max-image-preview:large","http://localhost:8082/post-sitemap.xml",""
"http://localhost:8082/blog-pta-program-in-miami-january-2025/","page","200","","yes","post","http://localhost:8082/blog-pta-program-in-miami-january-2025/","index, follow, max-snippet:-1, max-video-preview:-1, max-image-preview:large","http://localhost:8082/post-sitemap.xml",""
"http://localhost:8082/blog-curso-VESL-online-ingles-en-linea/","page","200","","yes","post","http://localhost:8082/blog-curso-VESL-online-ingles-en-linea/","index, follow, max-snippet:-1, max-video-preview:-1, max-image-preview:large","http://localhost:8082/post-sitemap.xml",""
"http://localhost:8082/blog-career-as-a-physical-therapist-assistant/","page","200","","yes","post","http://localhost:8082/blog-career-as-a-physical-therapist-assistant/","index, follow, max-snippet:-1, max-video-preview:-1, max-image-preview:large","http://localhost:8082/post-sitemap.xml",""
"http://localhost:8082/become-registered-nurse-saber-college/","page","200","","yes","post","http://localhost:8082/become-registered-nurse-saber-college/","index, follow, max-snippet:-1, max-video-preview:-1, max-image-preview:large","http://localhost:8082/post-sitemap.xml",""
"http://localhost:8082/3-steps-to-becoming-a-registered-nurse/","page","200","","yes","post","http://localhost:8082/3-steps-to-becoming-a-registered-nurse/","index, follow, max-snippet:-1, max-video-preview:-1, max-image-preview:large","http://localhost:8082/post-sitemap.xml",""
"http://localhost:8082/registered-nurse-job-duties/","page","200","","yes","post","http://localhost:8082/registered-nurse-job-duties/","index, follow, max-snippet:-1, max-video-preview:-1, max-image-preview:large","http://localhost:8082/post-sitemap.xml",""
"http://localhost:8082/saber-college-dual-commencement/","page","200","","yes","post","http://localhost:8082/saber-college-dual-commencement/","index, follow, max-snippet:-1, max-video-preview:-1, max-image-preview:large","http://localhost:8082/post-sitemap.xml",""
"http://localhost:8082/nursing-program-earn-nln-cnea-accreditation/","page","200","","yes","post","http://localhost:8082/nursing-program-earn-nln-cnea-accreditation/","index, follow, max-snippet:-1, max-video-preview:-1, max-image-preview:large","http://localhost:8082/post-sitemap.xml",""
"http://localhost:8082/programa-de-enfermeria-nln-cnea/","page","200","","yes","post","http://localhost:8082/programa-de-enfermeria-nln-cnea/","index, follow, max-snippet:-1, max-video-preview:-1, max-image-preview:large","http://localhost:8082/post-sitemap.xml",""
"http://localhost:8082/a-breakdown-of-the-physical-therapist-assistant-degree-program/","page","200","","yes","post","http://localhost:8082/a-breakdown-of-the-physical-therapist-assistant-degree-program/","index, follow, max-snippet:-1, max-video-preview:-1, max-image-preview:large","http://localhost:8082/post-sitemap.xml",""
"http://localhost:8082/7-reasons-to-study-nursing-in-miami-fl/","page","200","","yes","post","http://localhost:8082/7-reasons-to-study-nursing-in-miami-fl/","index, follow, max-snippet:-1, max-video-preview:-1, max-image-preview:large","http://localhost:8082/post-sitemap.xml",""
"http://localhost:8082/7_razones_para_estudiar_enfermeria/","page","200","","yes","post","http://localhost:8082/7_razones_para_estudiar_enfermeria/","index, follow, max-snippet:-1, max-video-preview:-1, max-image-preview:large","http://localhost:8082/post-sitemap.xml",""
"http://localhost:8082/saber_college_pathway_healthcare_language_success/","page","200","","yes","post","http://localhost:8082/saber_college_pathway_healthcare_language_success/","index, follow, max-snippet:-1, max-video-preview:-1, max-image-preview:large","http://localhost:8082/post-sitemap.xml",""
"http://localhost:8082/registered_nurse_in_miami_florida/","page","200","","yes","post","http://localhost:8082/registered_nurse_in_miami_florida/","index, follow, max-snippet:-1, max-video-preview:-1, max-image-preview:large","http://localhost:8082/post-sitemap.xml",""
"http://localhost:8082/programa_de_enfermeria_en_miami/","page","200","","yes","post","http://localhost:8082/programa_de_enfermeria_en_miami/","index, follow, max-snippet:-1, max-video-preview:-1, max-image-preview:large","http://localhost:8082/post-sitemap.xml",""
"http://localhost:8082/get_ready_npte_pta_exam/","page","200","","yes","post","http://localhost:8082/get_ready_npte_pta_exam/","index, follow, max-snippet:-1, max-video-preview:-1, max-image-preview:large","http://localhost:8082/post-sitemap.xml",""
"http://localhost:8082/nurse-salaries-miami-florida-2025/","page","200","","yes","post","http://localhost:8082/nurse-salaries-miami-florida-2025/","index, follow, max-snippet:-1, max-video-preview:-1, max-image-preview:large","http://localhost:8082/post-sitemap.xml",""
"http://localhost:8082/preparacion-examen-npte-pta-saber-college/","page","200","","yes","post","http://localhost:8082/preparacion-examen-npte-pta-saber-college/","index, follow, max-snippet:-1, max-video-preview:-1, max-image-preview:large","http://localhost:8082/post-sitemap.xml",""
"http://localhost:8082/pavel_pugh_nln_cnea_appointment/","page","200","","yes","post","http://localhost:8082/pavel_pugh_nln_cnea_appointment/","index, follow, max-snippet:-1, max-video-preview:-1, max-image-preview:large","http://localhost:8082/post-sitemap.xml",""
"http://localhost:8082/saber-college-dr-pavel-pugh-nombramiento-nln-cnea/","page","200","","yes","post","http://localhost:8082/saber-college-dr-pavel-pugh-nombramiento-nln-cnea/","index, follow, max-snippet:-1, max-video-preview:-1, max-image-preview:large","http://localhost:8082/post-sitemap.xml",""
"http://localhost:8082/saber-college-pta-students-join-moving-day-miami/","page","200","","yes","post","http://localhost:8082/saber-college-pta-students-join-moving-day-miami/","index, follow, max-snippet:-1, max-video-preview:-1, max-image-preview:large","http://localhost:8082/post-sitemap.xml",""
"http://localhost:8082/saber-college-pta-camina-moving-day-miami/","page","200","","yes","post","http://localhost:8082/saber-college-pta-camina-moving-day-miami/","index, follow, max-snippet:-1, max-video-preview:-1, max-image-preview:large","http://localhost:8082/post-sitemap.xml",""
"http://localhost:8082/programa-VESL-online-para-trabajo/","page","200","","yes","post","http://localhost:8082/programa-VESL-online-para-trabajo/","index, follow, max-snippet:-1, max-video-preview:-1, max-image-preview:large","http://localhost:8082/post-sitemap.xml",""
"http://localhost:8082/programa-de-enfermeria-de-fin-de-semana-miami/","page","200","","yes","post","http://localhost:8082/programa-de-enfermeria-de-fin-de-semana-miami/","index, follow, max-snippet:-1, max-video-preview:-1, max-image-preview:large","http://localhost:8082/post-sitemap.xml",""
"http://localhost:8082/weekend-nursing-program/","page","200","","yes","post","http://localhost:8082/weekend-nursing-program/","index, follow, max-snippet:-1, max-video-preview:-1, max-image-preview:large","http://localhost:8082/post-sitemap.xml",""
"http://localhost:8082/weekend-nursing-programs/","page","200","","yes","post","http://localhost:8082/weekend-nursing-programs/","index, follow, max-snippet:-1, max-video-preview:-1, max-image-preview:large","http://localhost:8082/post-sitemap.xml",""
"http://localhost:8082/programas-enfermeria-fines-de-semana/","page","200","","yes","post","http://localhost:8082/programas-enfermeria-fines-de-semana/","index, follow, max-snippet:-1, max-video-preview:-1, max-image-preview:large","http://localhost:8082/post-sitemap.xml",""
"http://localhost:8082/VESL-online-florida-saber-college/","page","200","","yes","post","http://localhost:8082/VESL-online-florida-saber-college/","index, follow, max-snippet:-1, max-video-preview:-1, max-image-preview:large","http://localhost:8082/post-sitemap.xml",""
"http://localhost:8082/npte-exam-pta-saber-college/","page","200","","yes","post","http://localhost:8082/npte-exam-pta-saber-college/","index, follow, max-snippet:-1, max-video-preview:-1, max-image-preview:large","http://localhost:8082/post-sitemap.xml",""
"http://localhost:8082/examen-npte-pta-saber-college/","page","200","","yes","post","http://localhost:8082/examen-npte-pta-saber-college/","index, follow, max-snippet:-1, max-video-preview:-1, max-image-preview:large","http://localhost:8082/post-sitemap.xml",""
"http://localhost:8082/simulacion-clinica-en-enfermeria-saber-college/","page","200","","yes","post","http://localhost:8082/simulacion-clinica-en-enfermeria-saber-college/","index, follow, max-snippet:-1, max-video-preview:-1, max-image-preview:large","http://localhost:8082/post-sitemap.xml",""
"http://localhost:8082/clinical-simulation-in-nursing-saber-college/","page","200","","yes","post","http://localhost:8082/clinical-simulation-in-nursing-saber-college/","index, follow, max-snippet:-1, max-video-preview:-1, max-image-preview:large","http://localhost:8082/post-sitemap.xml",""
"http://localhost:8082/estudiar-enfermeria-en-miami-2026/","page","200","","yes","post","http://localhost:8082/estudiar-enfermeria-en-miami-2026/","index, follow, max-snippet:-1, max-video-preview:-1, max-image-preview:large","http://localhost:8082/post-sitemap.xml",""
"http://localhost:8082/study-nursing-in-miami-2026/","page","200","","yes","post","http://localhost:8082/study-nursing-in-miami-2026/","index, follow, max-snippet:-1, max-video-preview:-1, max-image-preview:large","http://localhost:8082/post-sitemap.xml",""
"http://localhost:8082/rol-del-physical-therapist-assistant/","page","200","","yes","post","http://localhost:8082/rol-del-physical-therapist-assistant/","index, follow, max-snippet:-1, max-video-preview:-1, max-image-preview:large","http://localhost:8082/post-sitemap.xml",""
"http://localhost:8082/physical-therapist-assistant-role-explained/","page","200","","yes","post","http://localhost:8082/physical-therapist-assistant-role-explained/","index, follow, max-snippet:-1, max-video-preview:-1, max-image-preview:large","http://localhost:8082/post-sitemap.xml",""
"http://localhost:8082/venezuela-needs-us/","page","200","","yes","post","http://localhost:8082/venezuela-needs-us/","index, follow, max-snippet:-1, max-video-preview:-1, max-image-preview:large","http://localhost:8082/post-sitemap.xml",""
"http://localhost:8082/more-than-a-mascot-today-we-introduce-sabi-the-symbol-that-inspires-the-saber-college-community/","page","200","","yes","post","http://localhost:8082/more-than-a-mascot-today-we-introduce-sabi-the-symbol-that-inspires-the-saber-college-community/","index, follow, max-snippet:-1, max-video-preview:-1, max-image-preview:large","http://localhost:8082/post-sitemap.xml",""
"http://localhost:8082/how-was-sabi-born-the-story-behind-our-mascot/","page","200","","yes","post","http://localhost:8082/how-was-sabi-born-the-story-behind-our-mascot/","index, follow, max-snippet:-1, max-video-preview:-1, max-image-preview:large","http://localhost:8082/post-sitemap.xml",""
"http://localhost:8082/3779-2/","page","200","","yes","post","http://localhost:8082/3779-2/","index, follow, max-snippet:-1, max-video-preview:-1, max-image-preview:large","http://localhost:8082/post-sitemap.xml",""
"http://localhost:8082/programas_salud_saber_college_en_miami/","page","200","","yes","post","http://localhost:8082/programas_salud_saber_college_en_miami/","index, follow, max-snippet:-1, max-video-preview:-1, max-image-preview:large","http://localhost:8082/post-sitemap.xml",""
"http://localhost:8082/","page","200","","yes","page","http://localhost:8082/","index, follow, max-snippet:-1, max-video-preview:-1, max-image-preview:large","http://localhost:8082/page-sitemap.xml",""
"http://localhost:8082/general/tuition-payment-options/","page","200","","yes","page","http://localhost:8082/general/tuition-payment-options/","index, follow, max-snippet:-1, max-video-preview:-1, max-image-preview:large","http://localhost:8082/page-sitemap.xml",""
"http://localhost:8082/student-services/student-transcript-request/","page","200","","yes","page","http://localhost:8082/student-services/student-transcript-request/","index, follow, max-snippet:-1, max-video-preview:-1, max-image-preview:large","http://localhost:8082/page-sitemap.xml",""
"http://localhost:8082/general/visa-i-20-assistance/","page","200","","yes","page","http://localhost:8082/general/visa-i-20-assistance/","index, follow, max-snippet:-1, max-video-preview:-1, max-image-preview:large","http://localhost:8082/page-sitemap.xml",""
"http://localhost:8082/general/heerf-quarterly-reports/","page","200","","yes","page","http://localhost:8082/general/heerf-quarterly-reports/","index, follow, max-snippet:-1, max-video-preview:-1, max-image-preview:large","http://localhost:8082/page-sitemap.xml",""
"http://localhost:8082/general/manuals/","page","200","","yes","page","http://localhost:8082/general/manuals/","index, follow, max-snippet:-1, max-video-preview:-1, max-image-preview:large","http://localhost:8082/page-sitemap.xml",""
"http://localhost:8082/general/institutional-plans/","page","200","","yes","page","http://localhost:8082/general/institutional-plans/","index, follow, max-snippet:-1, max-video-preview:-1, max-image-preview:large","http://localhost:8082/page-sitemap.xml",""
"http://localhost:8082/general/safety-plan/","page","200","","yes","page","http://localhost:8082/general/safety-plan/","index, follow, max-snippet:-1, max-video-preview:-1, max-image-preview:large","http://localhost:8082/page-sitemap.xml",""
"http://localhost:8082/45-day-report-on-ed-grants/","page","200","","yes","page","http://localhost:8082/45-day-report-on-ed-grants/","index, follow, max-snippet:-1, max-video-preview:-1, max-image-preview:large","http://localhost:8082/page-sitemap.xml",""
"http://localhost:8082/general/","page","200","","yes","page","http://localhost:8082/general/","index, follow, max-snippet:-1, max-video-preview:-1, max-image-preview:large","http://localhost:8082/page-sitemap.xml",""
"http://localhost:8082/general/net-price-calculator/","page","200","","yes","page","http://localhost:8082/general/net-price-calculator/","index, follow, max-snippet:-1, max-video-preview:-1, max-image-preview:large","http://localhost:8082/page-sitemap.xml",""
"http://localhost:8082/privacy-policy/","page","200","","yes","page","http://localhost:8082/privacy-policy/","index, follow, max-snippet:-1, max-video-preview:-1, max-image-preview:large","http://localhost:8082/page-sitemap.xml",""
"http://localhost:8082/saber_college_programs/professional-nursing-program/nursing-admissions/","page","200","","yes","page","http://localhost:8082/saber_college_programs/professional-nursing-program/nursing-admissions/","index, follow, max-snippet:-1, max-video-preview:-1, max-image-preview:large","http://localhost:8082/page-sitemap.xml",""
"http://localhost:8082/about_saber_college/contact/","page","200","","yes","page","http://localhost:8082/about_saber_college/contact/","index, follow, max-snippet:-1, max-video-preview:-1, max-image-preview:large","http://localhost:8082/page-sitemap.xml",""
"http://localhost:8082/saber_college_blog/","page","200","","yes","page","http://localhost:8082/saber_college_blog/","index, follow, max-snippet:-1, max-video-preview:-1, max-image-preview:large","http://localhost:8082/page-sitemap.xml",""
"http://localhost:8082/general/saber-college-distance-education/","page","200","","yes","page","http://localhost:8082/general/saber-college-distance-education/","index, follow, max-snippet:-1, max-video-preview:-1, max-image-preview:large","http://localhost:8082/page-sitemap.xml",""
"http://localhost:8082/general/saber-college-faculty/","page","200","","yes","page","http://localhost:8082/general/saber-college-faculty/","index, follow, max-snippet:-1, max-video-preview:-1, max-image-preview:large","http://localhost:8082/page-sitemap.xml",""
"http://localhost:8082/general/gainful-employment-programs/","page","200","","yes","page","http://localhost:8082/general/gainful-employment-programs/","index, follow, max-snippet:-1, max-video-preview:-1, max-image-preview:large","http://localhost:8082/page-sitemap.xml",""
"http://localhost:8082/saber-college-accreditation/","page","200","","yes","page","http://localhost:8082/saber-college-accreditation/","index, follow, max-snippet:-1, max-video-preview:-1, max-image-preview:large","http://localhost:8082/page-sitemap.xml",""
"http://localhost:8082/saber_college_programs/physical-therapist-assistant-program/admissions-pta/","page","200","","yes","page","http://localhost:8082/saber_college_programs/physical-therapist-assistant-program/admissions-pta/","index, follow, max-snippet:-1, max-video-preview:-1, max-image-preview:large","http://localhost:8082/page-sitemap.xml",""
"http://localhost:8082/apply-to-saber-college/","page","200","","yes","page","http://localhost:8082/apply-to-saber-college/","index, follow, max-snippet:-1, max-video-preview:-1, max-image-preview:large","http://localhost:8082/page-sitemap.xml",""
"http://localhost:8082/saber_college_programs/physical-therapist-assistant-program/","page","200","","yes","page","http://localhost:8082/saber_college_programs/physical-therapist-assistant-program/","index, follow, max-snippet:-1, max-video-preview:-1, max-image-preview:large","http://localhost:8082/page-sitemap.xml",""
"http://localhost:8082/general/explore-saber-college-gallery/","page","200","","yes","page","http://localhost:8082/general/explore-saber-college-gallery/","index, follow, max-snippet:-1, max-video-preview:-1, max-image-preview:large","http://localhost:8082/page-sitemap.xml",""
"http://localhost:8082/saber_college_programs/professional-nursing-program/","page","200","","yes","page","http://localhost:8082/saber_college_programs/professional-nursing-program/","index, follow, max-snippet:-1, max-video-preview:-1, max-image-preview:large","http://localhost:8082/page-sitemap.xml",""
"http://localhost:8082/campus-location/","page","200","","yes","page","http://localhost:8082/campus-location/","index, follow, max-snippet:-1, max-video-preview:-1, max-image-preview:large","http://localhost:8082/page-sitemap.xml",""
"http://localhost:8082/general/saber_college_leadership/","page","200","","yes","page","http://localhost:8082/general/saber_college_leadership/","index, follow, max-snippet:-1, max-video-preview:-1, max-image-preview:large","http://localhost:8082/page-sitemap.xml",""
"http://localhost:8082/saber_college_programs/","page","200","","yes","page","http://localhost:8082/saber_college_programs/","index, follow, max-snippet:-1, max-video-preview:-1, max-image-preview:large","http://localhost:8082/page-sitemap.xml",""
"http://localhost:8082/about_saber_college/","page","200","","yes","page","http://localhost:8082/about_saber_college/","index, follow, max-snippet:-1, max-video-preview:-1, max-image-preview:large","http://localhost:8082/page-sitemap.xml",""
"http://localhost:8082/admissions-and-tuition/","page","200","","yes","page","http://localhost:8082/admissions-and-tuition/","index, follow, max-snippet:-1, max-video-preview:-1, max-image-preview:large","http://localhost:8082/page-sitemap.xml",""
"http://localhost:8082/request-info/","page","200","","yes","page","http://localhost:8082/request-info/","index, follow, max-snippet:-1, max-video-preview:-1, max-image-preview:large","http://localhost:8082/page-sitemap.xml",""
"http://localhost:8082/general/graduation-requirements/","page","200","","yes","page","http://localhost:8082/general/graduation-requirements/","index, follow, max-snippet:-1, max-video-preview:-1, max-image-preview:large","http://localhost:8082/page-sitemap.xml",""
"http://localhost:8082/student-services/saber-survey/","page","200","","yes","page","http://localhost:8082/student-services/saber-survey/","index, follow, max-snippet:-1, max-video-preview:-1, max-image-preview:large","http://localhost:8082/page-sitemap.xml",""
"http://localhost:8082/student-services/career-services/","page","200","","yes","page","http://localhost:8082/student-services/career-services/","index, follow, max-snippet:-1, max-video-preview:-1, max-image-preview:large","http://localhost:8082/page-sitemap.xml",""
"http://localhost:8082/student-services/academic-affairs/","page","200","","yes","page","http://localhost:8082/student-services/academic-affairs/","index, follow, max-snippet:-1, max-video-preview:-1, max-image-preview:large","http://localhost:8082/page-sitemap.xml",""
"http://localhost:8082/student-services/","page","200","","yes","page","http://localhost:8082/student-services/","index, follow, max-snippet:-1, max-video-preview:-1, max-image-preview:large","http://localhost:8082/page-sitemap.xml",""
"http://localhost:8082/terms-conditions/","page","200","","yes","page","http://localhost:8082/terms-conditions/","index, follow, max-snippet:-1, max-video-preview:-1, max-image-preview:large","http://localhost:8082/page-sitemap.xml",""
"http://localhost:8082/category/healthcare-program/","page","200","","yes","category","http://localhost:8082/category/healthcare-program/","index, follow, max-snippet:-1, max-video-preview:-1, max-image-preview:large","http://localhost:8082/category-sitemap.xml",""
"http://localhost:8082/category/physical-therapist/","page","200","","yes","category","http://localhost:8082/category/physical-therapist/","index, follow, max-snippet:-1, max-video-preview:-1, max-image-preview:large","http://localhost:8082/category-sitemap.xml",""
"http://localhost:8082/category/sabi/","page","200","","yes","category","http://localhost:8082/category/sabi/","index, follow, max-snippet:-1, max-video-preview:-1, max-image-preview:large","http://localhost:8082/category-sitemap.xml",""
"http://localhost:8082/category/professional-nursing/","page","200","","yes","category","http://localhost:8082/category/professional-nursing/","index, follow, max-snippet:-1, max-video-preview:-1, max-image-preview:large","http://localhost:8082/category-sitemap.xml",""
"http://localhost:8082/category/VESL/","page","200","","yes","category","http://localhost:8082/category/VESL/","index, follow, max-snippet:-1, max-video-preview:-1, max-image-preview:large","http://localhost:8082/category-sitemap.xml",""
"http://localhost:8082/category/medical-assisting/","page","200","","yes","category","http://localhost:8082/category/medical-assisting/","index, follow, max-snippet:-1, max-video-preview:-1, max-image-preview:large","http://localhost:8082/category-sitemap.xml",""
"http://localhost:8082/category/higher-education/","page","200","","yes","category","http://localhost:8082/category/higher-education/","index, follow, max-snippet:-1, max-video-preview:-1, max-image-preview:large","http://localhost:8082/category-sitemap.xml",""
"http://localhost:8082/category/healthcare-career-resources/","page","200","","yes","category","http://localhost:8082/category/healthcare-career-resources/","index, follow, max-snippet:-1, max-video-preview:-1, max-image-preview:large","http://localhost:8082/category-sitemap.xml",""
"http://localhost:8082/category/healthcare-career-resources/financial-aid/","page","200","","yes","category","http://localhost:8082/category/healthcare-career-resources/financial-aid/","index, follow, max-snippet:-1, max-video-preview:-1, max-image-preview:large","http://localhost:8082/category-sitemap.xml",""
"http://localhost:8082/category/college-news/","page","200","","yes","category","http://localhost:8082/category/college-news/","index, follow, max-snippet:-1, max-video-preview:-1, max-image-preview:large","http://localhost:8082/category-sitemap.xml",""
"http://localhost:8082/lp/medical-assistant-program/","page","200","","no","","","follow, noindex","http://localhost:8082/wp-json/wp/v2/pages?per_page=100&status=publish&_fields=link",""
"http://localhost:8082/lp/vesl/","page","200","","no","","","follow, noindex","http://localhost:8082/wp-json/wp/v2/pages?per_page=100&status=publish&_fields=link",""
"http://localhost:8082/lp/pta/","page","200","","no","","","follow, noindex","http://localhost:8082/wp-json/wp/v2/pages?per_page=100&status=publish&_fields=link",""
"http://localhost:8082/lp/pnp/","page","200","","no","","","follow, noindex","http://localhost:8082/wp-json/wp/v2/pages?per_page=100&status=publish&_fields=link",""
"http://localhost:8082/lp/campus-location/","page","200","","no","","","follow, noindex","http://localhost:8082/wp-json/wp/v2/pages?per_page=100&status=publish&_fields=link",""
"http://localhost:8082/lp/","page","200","","no","","","follow, noindex","http://localhost:8082/wp-json/wp/v2/pages?per_page=100&status=publish&_fields=link",""
"http://localhost:8082/thank-you/","page","200","","no","","","follow, noindex","http://localhost:8082/wp-json/wp/v2/pages?per_page=100&status=publish&_fields=link",""
"http://localhost:8082/plan-bunji/","page","200","","no","","","follow, noindex","http://localhost:8082/wp-json/wp/v2/pages?per_page=100&status=publish&_fields=link",""
"http://localhost:8082/saber_college_blog/2/","page","200","","no","","http://localhost:8082/saber_college_blog/","index, follow, max-snippet:-1, max-video-preview:-1, max-image-preview:large","http://localhost:8082/saber_college_blog/",""
"http://localhost:8082/saber_college_blog/3/","page","200","","no","","http://localhost:8082/saber_college_blog/","index, follow, max-snippet:-1, max-video-preview:-1, max-image-preview:large","http://localhost:8082/saber_college_blog/",""
"http://localhost:8082/saber_college_blog/4/","page","200","","no","","http://localhost:8082/saber_college_blog/","index, follow, max-snippet:-1, max-video-preview:-1, max-image-preview:large","http://localhost:8082/saber_college_blog/",""
"http://localhost:8082/saber_college_blog/5/","page","200","","no","","http://localhost:8082/saber_college_blog/","index, follow, max-snippet:-1, max-video-preview:-1, max-image-preview:large","http://localhost:8082/saber_college_blog/",""
"http://localhost:8082/category/healthcare-program/page/2/","page","200","","no","","http://localhost:8082/category/healthcare-program/page/2/","index, follow, max-snippet:-1, max-video-preview:-1, max-image-preview:large","http://localhost:8082/category/healthcare-program/",""
"http://localhost:8082/category/physical-therapist/page/2/","page","200","","no","","http://localhost:8082/category/physical-therapist/page/2/","index, follow, max-snippet:-1, max-video-preview:-1, max-image-preview:large","http://localhost:8082/category/physical-therapist/",""
"http://localhost:8082/category/professional-nursing/page/2/","page","200","","no","","http://localhost:8082/category/professional-nursing/page/2/","index, follow, max-snippet:-1, max-video-preview:-1, max-image-preview:large","http://localhost:8082/category/professional-nursing/",""
"http://localhost:8082/category/physical-therapist/page/3/","page","200","","no","","http://localhost:8082/category/physical-therapist/page/3/","index, follow, max-snippet:-1, max-video-preview:-1, max-image-preview:large","http://localhost:8082/category/physical-therapist/page/2/",""
"http://localhost:8082/category/professional-nursing/page/3/","page","200","","no","","http://localhost:8082/category/professional-nursing/page/3/","index, follow, max-snippet:-1, max-video-preview:-1, max-image-preview:large","http://localhost:8082/category/professional-nursing/page/2/",""
"http://localhost:8082/category/physical-therapist/page/4/","page","200","","no","","http://localhost:8082/category/physical-therapist/page/4/","index, follow, max-snippet:-1, max-video-preview:-1, max-image-preview:large","http://localhost:8082/category/physical-therapist/page/3/",""
"http://localhost:8082/category/professional-nursing/page/4/","page","200","","no","","http://localhost:8082/category/professional-nursing/page/4/","index, follow, max-snippet:-1, max-video-preview:-1, max-image-preview:large","http://localhost:8082/category/professional-nursing/page/3/",""
"http://localhost:8082/category/professional-nursing/page/5/","page","200","","no","","http://localhost:8082/category/professional-nursing/page/5/","index, follow, max-snippet:-1, max-video-preview:-1, max-image-preview:large","http://localhost:8082/category/professional-nursing/page/4/",""
