id,source,comparison,ignore_case,destination,status_code,status,hits
1,/physical-therapist-assistant-program/,exact,no,/lp/pta/,301,active,12
2,/professional-nursing-program/,exact,no,/lp/pnp/,301,active,21
3,/esol-program/,exact,no,/lp/vesl/,301,active,12
4,/medical-assistant-program/,exact,no,/lp/medical-assistant-program/,301,active,13
5,/programa-vesl-online/,exact,no,/saber_college_programs/,301,active,4
17,/want-to-study-nursing-but-work-during-the-week-discover-weekend-nursing/,exact,no,/saber_college_programs/professional-nursing-program/,301,active,5
18,/apply-now/,exact,no,/apply-to-saber-college/,301,active,4
19,/lp/thank-you/,exact,no,/thank-you/,301,active,6
20,/registered-nurse-associate-in-applied-science/,exact,no,/registered-nurse-rn-associate-in-applied-science/,301,active,6
21,/category/uncategorized/,exact,no,/saber_college_blog/,301,active,4
22,/tag/adn/,exact,yes,/category/professional-nursing/,301,active,2
23,/tag/asn/,exact,yes,/category/professional-nursing/,301,active,2
24,/tag/associate-of-science-in-nursing/,exact,yes,/category/professional-nursing/,301,active,2
25,/tag/become-a-registered-nurse/,exact,yes,/category/professional-nursing/,301,active,2
26,/tag/become-a-registered-nurse-in-florida/,exact,yes,/category/professional-nursing/,301,active,2
27,/tag/florida/,exact,yes,/saber_college_blog/,301,active,2
28,/tag/galen-college/,exact,yes,/saber_college_blog/,301,active,2
29,/tag/health-care/,exact,yes,/category/professional-nursing/,301,active,2
30,/tag/health-career/,exact,yes,/category/healthcare-career-resources/,301,active,2
31,/tag/healthcare/,exact,yes,/category/healthcare-program/,301,active,2
32,/tag/jersey-college/,exact,yes,/saber_college_blog/,301,active,2
33,/tag/miami/,exact,yes,/saber_college_blog/,301,active,2
34,/tag/online-registered-nurse/,exact,yes,/category/professional-nursing/,301,active,2
35,/tag/online-rn/,exact,yes,/category/professional-nursing/,301,active,2
36,/tag/online-rn-program/,exact,yes,/category/professional-nursing/,301,active,2
37,/tag/registered-nurse/,exact,yes,/category/professional-nursing/,301,active,2
38,/tag/registered-nurse-online/,exact,yes,/category/professional-nursing/,301,active,2
39,/tag/registered-nurse-program/,exact,yes,/category/professional-nursing/,301,active,2
40,/tag/registered-nurse-program-online/,exact,yes,/category/professional-nursing/,301,active,2
41,/tag/rn/,exact,yes,/category/professional-nursing/,301,active,2
42,/tag/rn-florida/,exact,yes,/category/professional-nursing/,301,active,2
43,/tag/rn-online/,exact,yes,/category/professional-nursing/,301,active,2
44,/tag/rn-program/,exact,yes,/category/professional-nursing/,301,active,2
45,/tag/rn-program-online/,exact,yes,/category/professional-nursing/,301,active,2
46,/tag/miami-florida/,exact,yes,/saber_college_blog/,301,active,2
47,/tag/nurse/,exact,yes,/category/professional-nursing/,301,active,2
48,/tag/online-rn-degree/,exact,yes,/category/professional-nursing/,301,active,2
49,/tag/rn-degree-online/,exact,yes,/category/professional-nursing/,301,active,2
50,/tag/saber-college/,exact,yes,/saber_college_blog/,301,active,2
51,/tag/become-an-rn/,exact,yes,/category/professional-nursing/,301,active,2
52,/tag/how-to-become-an-rn/,exact,yes,/category/professional-nursing/,301,active,2
53,/tag/pnp/,exact,yes,/category/professional-nursing/,301,active,2
54,/tag/professional-nursing-program/,exact,yes,/category/professional-nursing/,301,active,2
55,/tag/rn-job-outlook-2022/,exact,yes,/category/professional-nursing/,301,active,2
56,/tag/saber/,exact,yes,/saber_college_blog/,301,active,2
57,/tag/become-a-nurse/,exact,yes,/category/professional-nursing/,301,active,2
58,/tag/nursing/,exact,yes,/category/professional-nursing/,301,active,2
59,/tag/professional-nurse/,exact,yes,/category/professional-nursing/,301,active,2
60,/tag/become-registered-nurse/,exact,yes,/category/professional-nursing/,301,active,2
61,/tag/on-rn-degree/,exact,yes,/category/professional-nursing/,301,active,2
62,/tag/become-physical-therapist-assistant/,exact,yes,/category/physical-therapist/,301,active,2
63,/tag/online-physical-therapist-assistant/,exact,yes,/category/physical-therapist/,301,active,2
64,/tag/physical-therapist-assistant/,exact,yes,/category/physical-therapist/,301,active,2
65,/tag/pta/,exact,yes,/category/physical-therapist/,301,active,2
66,/tag/become-physical-therapist-assistant-in-florida/,exact,yes,/category/physical-therapist/,301,active,2
67,/tag/become-a-pta/,exact,yes,/category/physical-therapist/,301,active,2
68,/tag/becoming-a-physical-therapist-assistant/,exact,yes,/category/physical-therapist/,301,active,2
69,/tag/become-nurse-online/,exact,yes,/category/professional-nursing/,301,active,2
70,/tag/hci/,exact,yes,/saber_college_blog/,301,active,2
71,/tag/miami-nurse/,exact,yes,/category/professional-nursing/,301,active,2
72,/tag/nclex/,exact,yes,/category/professional-nursing/,301,active,2
73,/tag/nursing-degree-online/,exact,yes,/category/professional-nursing/,301,active,2
74,/tag/online-nurse/,exact,yes,/category/professional-nursing/,301,active,2
75,/tag/online-nursing-degree/,exact,yes,/category/professional-nursing/,301,active,2
76,/tag/become-a-physical-therapist-assistant/,exact,yes,/category/physical-therapist/,301,active,2
77,/tag/become-physical-therapist-assistant-florida/,exact,yes,/category/physical-therapist/,301,active,2
78,/tag/degree-online/,exact,yes,/saber_college_blog/,301,active,2
79,/tag/online-degree/,exact,yes,/saber_college_blog/,301,active,2
80,/tag/online-degree-physical-therapist-assistant/,exact,yes,/category/physical-therapist/,301,active,2
81,/tag/online-physical-therapist-assistant-degree/,exact,yes,/category/physical-therapist/,301,active,2
82,/tag/palm-beach-state/,exact,yes,/saber_college_blog/,301,active,2
83,/tag/physical-therapist-assistant-florida/,exact,yes,/category/physical-therapist/,301,active,2
84,/tag/physical-therapist-assistant-miami/,exact,yes,/category/physical-therapist/,301,active,2
85,/tag/physical-therapist-assistant-online/,exact,yes,/category/physical-therapist/,301,active,2
86,/tag/take-nclex-become-a-registered-nurse/,exact,yes,/category/professional-nursing/,301,active,2
87,/tag/clinical-experience/,exact,yes,/category/professional-nursing/,301,active,2
88,/tag/licensing-exam/,exact,yes,/category/professional-nursing/,301,active,2
89,/tag/nursing-education/,exact,yes,/category/professional-nursing/,301,active,2
90,/tag/nursing-license/,exact,yes,/category/professional-nursing/,301,active,2
91,/tag/nursing-programs/,exact,yes,/category/professional-nursing/,301,active,2
92,/tag/rn-nurse-education/,exact,yes,/category/professional-nursing/,301,active,2
93,/tag/professional-nursing-values/,exact,yes,/category/professional-nursing/,301,active,2
94,/tag/patient-dignity/,exact,yes,/category/professional-nursing/,301,active,2
95,/tag/care-teams/,exact,yes,/category/professional-nursing/,301,active,2
96,/tag/dignity/,exact,yes,/category/professional-nursing/,301,active,2
97,/tag/care/,exact,yes,/category/professional-nursing/,301,active,2
98,/tag/colleagues/,exact,yes,/category/professional-nursing/,301,active,2
99,/tag/become-rn/,exact,yes,/category/professional-nursing/,301,active,2
100,/tag/floirda-nurse/,exact,yes,/category/professional-nursing/,301,active,2
101,/tag/florida-nurses/,exact,yes,/category/professional-nursing/,301,active,2
102,/tag/how-to-become-a-nurse/,exact,yes,/category/professional-nursing/,301,active,2
103,/tag/florida-nursing-school/,exact,yes,/category/professional-nursing/,301,active,2
104,/tag/nursing-school-in-miami/,exact,yes,/category/professional-nursing/,301,active,2
105,/tag/physical-therapist-assistant-program/,exact,yes,/category/physical-therapist/,301,active,2
106,/tag/florida-physical-therapist-assistant-school/,exact,yes,/category/physical-therapist/,301,active,2
107,/tag/physical-therapist-assistant-school-in-miami/,exact,yes,/category/physical-therapist/,301,active,2
108,/tag/VESL/,exact,yes,/category/VESL/,301,active,2
109,/tag/aprende-ingles/,exact,yes,/category/VESL/,301,active,2
110,/tag/rn-class/,exact,yes,/category/professional-nursing/,301,active,2
111,/tag/become-a-medical-assistant/,exact,yes,/category/medical-assisting/,301,active,2
112,/tag/medical-assisting-program/,exact,yes,/category/medical-assisting/,301,active,2
113,/tag/programa-VESL-online/,exact,yes,/category/VESL/,301,active,2
114,/tag/curso-de-ingles-en-linea/,exact,yes,/category/VESL/,301,active,2
115,/tag/aprender-ingles-en-linea/,exact,yes,/category/VESL/,301,active,2
116,/tag/ingles-para-trabajar-en-estados-unidos/,exact,yes,/category/VESL/,301,active,2
117,/tag/VESL-en-florida/,exact,yes,/category/VESL/,301,active,2
118,/tag/admissions/,exact,yes,/category/healthcare-career-resources/,301,active,2
119,/tag/healthcare-careers/,exact,yes,/category/healthcare-career-resources/,301,active,2
120,/tag/students/,exact,yes,/category/healthcare-career-resources/,301,active,2
121,/tag/carreras-de-salud/,exact,yes,/category/healthcare-career-resources/,301,active,2
122,/tag/estudiantes/,exact,yes,/category/healthcare-career-resources/,301,active,2
