"url","status","content_type","location","issue"
"http://localhost:8082/wp-content/plugins/ai-engine/app/chatbot.js","200","text/javascript","",""
"http://localhost:8082/wp-content/plugins/elementor/assets/js/webpack.runtime.min.js","200","text/javascript","",""
"http://localhost:8082/wp-content/plugins/elementor/assets/js/frontend.min.js","200","text/javascript","",""
"http://localhost:8082/wp-content/plugins/elementor/assets/js/frontend-modules.min.js","200","text/javascript","",""
"http://localhost:8082/wp-content/plugins/elementor/assets/css/widget-heading.min.css","200","text/css","",""
"http://localhost:8082/wp-content/plugins/elementor/assets/css/widget-icon-list.min.css","200","text/css","",""
"http://localhost:8082/wp-content/plugins/elementor/assets/css/widget-image.min.css","200","text/css","",""
"http://localhost:8082/wp-content/plugins/elementor/assets/css/widget-nested-accordion.min.css","200","text/css","",""
"http://localhost:8082/wp-content/plugins/elementor/assets/css/widget-divider.min.css","200","text/css","",""
"http://localhost:8082/wp-content/plugins/elementor/assets/css/frontend.min.css","200","text/css","",""
"http://localhost:8082/wp-content/plugins/ai-engine/themes/timeless.css","200","text/css","",""
"http://localhost:8082/wp-content/plugins/ninja-tables/assets/css/ninjatables-public.css","200","text/css","",""
"http://localhost:8082/wp-content/plugins/ninja-tables/assets/libs/icons/add-outline.svg","200","image/svg+xml","",""
"http://localhost:8082/wp-content/plugins/ninja-tables/assets/libs/icons/bag-handle.svg","200","image/svg+xml","",""
"http://localhost:8082/wp-content/plugins/ninja-tables/assets/libs/icons/caret-down-outline.svg","200","image/svg+xml","",""
"http://localhost:8082/wp-content/plugins/ninja-tables/assets/libs/icons/caret-up-down-outline.svg","200","image/svg+xml","",""
"http://localhost:8082/wp-content/plugins/ninja-tables/assets/libs/icons/caret-up-outline.svg","200","image/svg+xml","",""
"http://localhost:8082/wp-content/plugins/ninja-tables/assets/libs/footable/js/footable.min.js","200","text/javascript","",""
"http://localhost:8082/wp-content/plugins/ninja-tables/assets/js/ninja-tables-footable.js","200","text/javascript","",""
"http://localhost:8082/wp-content/plugins/ninja-tables/assets/libs/icons/loading.svg","200","image/svg+xml","",""
"http://localhost:8082/wp-content/plugins/ninja-tables/assets/libs/icons/cart-outline.svg","200","image/svg+xml","",""
"http://localhost:8082/wp-content/plugins/ninja-tables/assets/libs/icons/pencil-sharp.svg","200","image/svg+xml","",""
"http://localhost:8082/wp-content/plugins/ninja-tables/assets/libs/icons/refresh-outline.svg","200","image/svg+xml","",""
"http://localhost:8082/wp-content/plugins/ninja-tables/assets/libs/icons/remove-outline.svg","200","image/svg+xml","",""
"http://localhost:8082/wp-content/plugins/ninja-tables/assets/libs/icons/remove.svg","200","image/svg+xml","",""
"http://localhost:8082/wp-content/plugins/ninja-tables/assets/libs/icons/search-outline.svg","200","image/svg+xml","",""
"http://localhost:8082/wp-content/plugins/ninja-tables/assets/libs/icons/trash-sharp.svg","200","image/svg+xml","",""
"http://localhost:8082/wp-content/plugins/pro-elements/assets/js/webpack-pro.runtime.min.js","200","text/javascript","",""
"http://localhost:8082/wp-content/plugins/pro-elements/assets/js/frontend.min.js","200","text/javascript","",""
"http://localhost:8082/wp-content/plugins/pro-elements/assets/js/elements-handlers.min.js","200","text/javascript","",""
"http://localhost:8082/wp-content/plugins/pro-elements/assets/css/widget-form.min.css","200","text/css","",""
"http://localhost:8082/wp-content/plugins/pro-elements/assets/css/widget-loop-common.min.css","200","text/css","",""
"http://localhost:8082/wp-content/plugins/pro-elements/assets/css/widget-loop-grid.min.css","200","text/css","",""
"http://localhost:8082/wp-content/plugins/pro-elements/assets/css/widget-post-info.min.css","200","text/css","",""
"http://localhost:8082/wp-content/plugins/pro-elements/assets/css/widget-nav-menu.min.css","200","text/css","",""
"http://localhost:8082/wp-content/plugins/pro-elements/assets/lib/smartmenus/jquery.smartmenus.min.js","200","text/javascript","",""
"http://localhost:8082/wp-content/themes/hello-elementor/assets/js/hello-frontend.js","200","text/javascript","",""
"http://localhost:8082/wp-content/themes/hello-elementor/assets/css/theme.css","200","text/css","",""
"http://localhost:8082/wp-content/themes/hello-elementor/assets/css/reset.css","200","text/css","",""
"http://localhost:8082/wp-content/themes/hello-elementor/assets/css/header-footer.css","200","text/css","",""
"http://localhost:8082/wp-content/uploads/2022/12/HEERF-Quarterly-Report-ending-03-3-31-22.pdf","200","application/pdf","",""
"http://localhost:8082/wp-content/uploads/2022/12/Disclosure-for-Direct-Loans.pdf","200","application/pdf","",""
"http://localhost:8082/wp-content/uploads/2022/10/45-Day-Report-on-ED-GRANTS-041020-003-as-of-11-06-2020-Student-Portion.docx-1.pdf","200","application/pdf","",""
"http://localhost:8082/wp-content/uploads/2022/08/ADMISSION-OF-INTERNATIONAL-STUDENTS.pdf","200","application/pdf","",""
"http://localhost:8082/wp-content/uploads/2022/12/HEERF-Progress-Reports-for-website.pdf","200","application/pdf","",""
"http://localhost:8082/wp-content/uploads/2022/12/HEERF-Quarterly-Report-ending-04-12-31-2021.pdf","200","application/pdf","",""
"http://localhost:8082/wp-content/uploads/2022/12/HEERF-Quarterly-Report-ending-01-9-30-22.pdf","200","application/pdf","",""
"http://localhost:8082/wp-content/uploads/2022/12/HEERF-Quarterly-Report-ending-02-6-30-22.pdf","200","application/pdf","",""
"http://localhost:8082/wp-content/uploads/2022/12/HEERF-Quarterly-Report-ending-07-3-31-2021.pdf","200","application/pdf","",""
"http://localhost:8082/wp-content/uploads/2022/12/HEERF-Quarterly-Report-ending-05-9-30-21.pdf","200","application/pdf","",""
"http://localhost:8082/wp-content/uploads/2022/12/HEERF-Quarterly-Report-ending-08-12-31-20.pdf","200","application/pdf","",""
"http://localhost:8082/wp-content/uploads/2022/12/HEERF-Quarterly-Report-ending-09-9-30-20.pdf","200","application/pdf","",""
"http://localhost:8082/wp-content/uploads/2022/12/HEERF-Quarterly-Report-ending-06-6-30-21.pdf","200","application/pdf","",""
"http://localhost:8082/wp-content/uploads/2023/01/036964_heerf_Q4010523_123122.pdf","200","application/pdf","",""
"http://localhost:8082/wp-content/uploads/2024/10/SABER-College-Transcript-Request-10-07-24-New-Logo.docx.pdf","200","application/pdf","",""
"http://localhost:8082/wp-content/uploads/2024/10/COE-HEALTH-AND-SAFETY-PLAN-March-2024.docx.pdf","200","application/pdf","",""
"http://localhost:8082/wp-content/uploads/2025/08/SABER-Policies-and-Procedures-Manual-7-01-2025.pdf","200","application/pdf","",""
"http://localhost:8082/wp-content/uploads/2024/06/036964_Heef_Q063023_101923.pdf","200","application/pdf","",""
"http://localhost:8082/wp-content/uploads/2026/02/PROFESSIONAL-NURSING-PROGRAM-STUDENT-HANDBOOK-7-1-2025.pdf","200","application/pdf","",""
"http://localhost:8082/wp-content/uploads/2026/02/2025-2026-Consumer-Information-Manual-rev-01-30-2026.pdf","200","application/pdf","",""
"http://localhost:8082/wp-content/uploads/2026/02/Plan-for-Health-and-Safety-March-2025.pdf","200","application/pdf","",""
"http://localhost:8082/wp-content/uploads/2026/02/Plan-for-Student-Retention-Completion-March-2025.pdf","200","application/pdf","",""
"http://localhost:8082/wp-content/uploads/2026/02/Plan-for-Physical-Resources-and-Technical-Infrastructure-March-2025.pdf","200","application/pdf","",""
"http://localhost:8082/wp-content/uploads/2026/02/Plan-for-Operations-Maintenance-March-2025.pdf","200","application/pdf","",""
"http://localhost:8082/wp-content/uploads/2026/02/Plan-for-Placement-Outcomes-and-Follow-up.pdf","200","application/pdf","",""
"http://localhost:8082/wp-content/uploads/2026/02/Plan-Effectiveness-of-Student-Services-March-2025.pdf","200","application/pdf","",""
"http://localhost:8082/wp-content/uploads/2026/08/185371858.png","200","image/png","",""
"http://localhost:8082/wp-content/uploads/2026/08/185371858-150x150.png","200","image/png","",""
"http://localhost:8082/wp-content/uploads/2026/04/School-Catalog-4-22-2026-V2.pdf","200","application/pdf","",""
"http://localhost:8082/wp-content/uploads/2026/08/0826sabi.mp4","200","video/mp4","",""
"http://localhost:8082/wp-content/uploads/2026/02/Strategic-Plan-Revised-2023-2026-and-Updated-March-2025.pdf","200","application/pdf","",""
"http://localhost:8082/wp-content/uploads/2026/06/Handbook-Program-Student-2027A.pdf","200","application/pdf","",""
"http://localhost:8082/wp-content/uploads/2026/08/2-RNs-300x197.jpg","200","image/jpeg","",""
"http://localhost:8082/wp-content/uploads/2026/08/2-RNs-1-300x197.jpg","200","image/jpeg","",""
"http://localhost:8082/wp-content/uploads/2026/08/2-RNs-1.jpg","200","image/jpeg","",""
"http://localhost:8082/wp-content/uploads/2026/08/2-RNs.jpg","200","image/jpeg","",""
"http://localhost:8082/wp-content/uploads/2026/08/3-RN-portrait-300x226.jpg","200","image/jpeg","",""
"http://localhost:8082/wp-content/uploads/2026/08/BON.png","200","image/png","",""
"http://localhost:8082/wp-content/uploads/2026/08/3-RN-portrait.jpg","200","image/jpeg","",""
"http://localhost:8082/wp-content/uploads/2026/08/Becoming-A-Registered-Nurse-2-2048x1367-1-1024x684.jpg","200","image/jpeg","",""
"http://localhost:8082/wp-content/uploads/2026/08/Become-Registered-Nurse-300x200.jpg","200","image/jpeg","",""
"http://localhost:8082/wp-content/uploads/2026/08/Become-Registered-Nurse.jpg","200","image/jpeg","",""
"http://localhost:8082/wp-content/uploads/2026/08/Becoming-A-Registered-Nurse-2-2048x1367-1-300x200.jpg","200","image/jpeg","",""
"http://localhost:8082/wp-content/uploads/2026/08/Becoming-A-Registered-Nurse-2-2048x1367-1-1536x1025.jpg","200","image/jpeg","",""
"http://localhost:8082/wp-content/uploads/2026/08/Male_Nurse-1024x538.webp","200","image/webp","",""
"http://localhost:8082/wp-content/uploads/2026/08/Becoming-A-Registered-Nurse-2-2048x1367-1.jpg","200","image/jpeg","",""
"http://localhost:8082/wp-content/uploads/2026/08/Becoming-A-Registered-Nurse-2-2048x1367-1-768x513.jpg","200","image/jpeg","",""
"http://localhost:8082/wp-content/uploads/2026/08/CNEA.png","200","image/png","",""
"http://localhost:8082/wp-content/uploads/2026/08/Male_Nurse-300x158.webp","200","image/webp","",""
"http://localhost:8082/wp-content/uploads/2026/08/COE.png","200","image/png","",""
"http://localhost:8082/wp-content/uploads/2026/08/Male_Nurse-768x403.webp","200","image/webp","",""
"http://localhost:8082/wp-content/uploads/2026/08/Male_Nurse.webp","200","image/webp","",""
"http://localhost:8082/wp-content/uploads/2026/08/NURSING-IA-VIDEO-1.webm","200","video/webm","",""
"http://localhost:8082/wp-content/uploads/2026/08/PTA-1-1-300x215.jpg","200","image/jpeg","",""
"http://localhost:8082/wp-content/uploads/2026/08/Nurse_3-300x167.jpg","200","image/jpeg","",""
"http://localhost:8082/wp-content/uploads/2026/08/Nurse_3.jpg","200","image/jpeg","",""
"http://localhost:8082/wp-content/uploads/2026/08/PTA-1-1.jpg","200","image/jpeg","",""
"http://localhost:8082/wp-content/uploads/2026/08/PTA-1-2-300x203.jpg","200","image/jpeg","",""
"http://localhost:8082/wp-content/uploads/2026/08/PTA-1.jpg","200","image/jpeg","",""
"http://localhost:8082/wp-content/uploads/2026/08/PTA-1-2.jpg","200","image/jpeg","",""
"http://localhost:8082/wp-content/uploads/2026/08/PTA-1536x1024.webp","200","image/webp","",""
"http://localhost:8082/wp-content/uploads/2026/08/PTA-1-2-768x519.jpg","200","image/jpeg","",""
"http://localhost:8082/wp-content/uploads/2026/08/PTA-1-768x524.jpg","200","image/jpeg","",""
"http://localhost:8082/wp-content/uploads/2026/08/PTA-1024x683.webp","200","image/webp","",""
"http://localhost:8082/wp-content/uploads/2026/08/PTA-2-300x203.jpg","200","image/jpeg","",""
"http://localhost:8082/wp-content/uploads/2026/08/PTA-1-300x205.jpg","200","image/jpeg","",""
"http://localhost:8082/wp-content/uploads/2026/08/PTA-2-768x518.jpg","200","image/jpeg","",""
"http://localhost:8082/wp-content/uploads/2026/08/PTA-2.jpg","200","image/jpeg","",""
"http://localhost:8082/wp-content/uploads/2026/08/PTA-300x200.webp","200","image/webp","",""
"http://localhost:8082/wp-content/uploads/2026/08/PTA-3.jpg","200","image/jpeg","",""
"http://localhost:8082/wp-content/uploads/2026/08/PTA-3-300x169.jpg","200","image/jpeg","",""
"http://localhost:8082/wp-content/uploads/2026/08/PTA-4-768x576.jpg","200","image/jpeg","",""
"http://localhost:8082/wp-content/uploads/2026/08/PTA-300x225.jpg","200","image/jpeg","",""
"http://localhost:8082/wp-content/uploads/2026/08/PTA-4-1024x768.jpg","200","image/jpeg","",""
"http://localhost:8082/wp-content/uploads/2026/08/PTA.webp","200","image/webp","",""
"http://localhost:8082/wp-content/uploads/2026/08/PTA-4.jpg","200","image/jpeg","",""
"http://localhost:8082/wp-content/uploads/2026/08/PTA-768x512.webp","200","image/webp","",""
"http://localhost:8082/wp-content/uploads/2026/08/PTA-4-300x225.jpg","200","image/jpeg","",""
"http://localhost:8082/wp-content/uploads/2026/08/PTA.jpg","200","image/jpeg","",""
"http://localhost:8082/wp-content/uploads/2026/08/PTA_2022-300x175.jpg","200","image/jpeg","",""
"http://localhost:8082/wp-content/uploads/2026/08/PTA_ago18-1536x864.png","200","image/png","",""
"http://localhost:8082/wp-content/uploads/2026/08/PTA_2022.jpg","200","image/jpeg","",""
"http://localhost:8082/wp-content/uploads/2026/08/PTA_ago18-1024x576.png","200","image/png","",""
"http://localhost:8082/wp-content/uploads/2026/08/PTA_ago18-768x432.png","200","image/png","",""
"http://localhost:8082/wp-content/uploads/2026/08/PTA_ago18-300x169.png","200","image/png","",""
"http://localhost:8082/wp-content/uploads/2026/08/Physical-Therapist-Assistant-2-1024x512.jpg","200","image/jpeg","",""
"http://localhost:8082/wp-content/uploads/2026/08/PTA_ago18.png","200","image/png","",""
"http://localhost:8082/wp-content/uploads/2026/08/Physical-Therapist-Assistant-2-300x150.jpg","200","image/jpeg","",""
"http://localhost:8082/wp-content/uploads/2026/08/Physical-Therapist-Assistant-2.jpg","200","image/jpeg","",""
"http://localhost:8082/wp-content/uploads/2026/08/Physical-Therapy-Center-1536x1024.jpg","200","image/jpeg","",""
"http://localhost:8082/wp-content/uploads/2026/08/Physical-Therapy-Center-1024x683.jpg","200","image/jpeg","",""
"http://localhost:8082/wp-content/uploads/2026/08/Physical-Therapist-Assistant-2-768x384.jpg","200","image/jpeg","",""
"http://localhost:8082/wp-content/uploads/2026/08/Physical-Therapy-Center-768x512.jpg","200","image/jpeg","",""
"http://localhost:8082/wp-content/uploads/2026/08/Physical-Therapy-Center.jpg","200","image/jpeg","",""
"http://localhost:8082/wp-content/uploads/2026/08/RN-1-1024x682.jpg","200","image/jpeg","",""
"http://localhost:8082/wp-content/uploads/2026/08/Professional_Nursing_Demands-300x200.jpg","200","image/jpeg","",""
"http://localhost:8082/wp-content/uploads/2026/08/RN-1-2048x1365-1-1536x1024.jpg","200","image/jpeg","",""
"http://localhost:8082/wp-content/uploads/2026/08/Professional_Nursing_Demands.jpg","200","image/jpeg","",""
"http://localhost:8082/wp-content/uploads/2026/08/Physical-Therapy-Center-300x200.jpg","200","image/jpeg","",""
"http://localhost:8082/wp-content/uploads/2026/08/RN-1-2048x1365-1-1024x683.jpg","200","image/jpeg","",""
"http://localhost:8082/wp-content/uploads/2026/08/RN-1-2048x1365-1.jpg","200","image/jpeg","",""
"http://localhost:8082/wp-content/uploads/2026/08/RN-1-2048x1365-1-768x512.jpg","200","image/jpeg","",""
"http://localhost:8082/wp-content/uploads/2026/08/RN-1-2048x1365-1-300x200.jpg","200","image/jpeg","",""
"http://localhost:8082/wp-content/uploads/2026/08/RN-1-300x200.jpg","200","image/jpeg","",""
"http://localhost:8082/wp-content/uploads/2026/08/RN-300x200.jpeg","200","image/jpeg","",""
"http://localhost:8082/wp-content/uploads/2026/08/RN-1-768x512.jpg","200","image/jpeg","",""
"http://localhost:8082/wp-content/uploads/2026/08/RN-1.jpg","200","image/jpeg","",""
"http://localhost:8082/wp-content/uploads/2026/08/RN-1024x683.jpeg","200","image/jpeg","",""
"http://localhost:8082/wp-content/uploads/2026/08/RN-Licensure-1024x477.jpg","200","image/jpeg","",""
"http://localhost:8082/wp-content/uploads/2026/08/RN-1536x1024.jpeg","200","image/jpeg","",""
"http://localhost:8082/wp-content/uploads/2026/08/RN-Licensure-768x358.jpg","200","image/jpeg","",""
"http://localhost:8082/wp-content/uploads/2026/08/RN-min-1024x759.jpg","200","image/jpeg","",""
"http://localhost:8082/wp-content/uploads/2026/08/RN-768x512.jpeg","200","image/jpeg","",""
"http://localhost:8082/wp-content/uploads/2026/08/RN-Licensure-300x140.jpg","200","image/jpeg","",""
"http://localhost:8082/wp-content/uploads/2026/08/RN-Licensure.jpg","200","image/jpeg","",""
"http://localhost:8082/wp-content/uploads/2026/08/RN-Licensure-1536x716.jpg","200","image/jpeg","",""
"http://localhost:8082/wp-content/uploads/2026/08/RN-min-1536x1139.jpg","200","image/jpeg","",""
"http://localhost:8082/wp-content/uploads/2026/08/Registered_Nurse_NCLEX-768x512.jpg","200","image/jpeg","",""
"http://localhost:8082/wp-content/uploads/2026/08/RN-min-768x570.jpg","200","image/jpeg","",""
"http://localhost:8082/wp-content/uploads/2026/08/SABER-College_mascot_brand-scaled-1-1024x576.png","200","image/png","",""
"http://localhost:8082/wp-content/uploads/2026/08/RN.jpeg","200","image/jpeg","",""
"http://localhost:8082/wp-content/uploads/2026/08/Registered_Nurse_NCLEX-300x200.jpg","200","image/jpeg","",""
"http://localhost:8082/wp-content/uploads/2026/08/SABER-College_mascot_brand-scaled-1-1536x864.png","200","image/png","",""
"http://localhost:8082/wp-content/uploads/2026/08/Registered_Nurse_NCLEX-1024x683.jpg","200","image/jpeg","",""
"http://localhost:8082/wp-content/uploads/2026/08/Registered_Nurse_NCLEX.jpg","200","image/jpeg","",""
"http://localhost:8082/wp-content/uploads/2026/08/RN-min-300x223.jpg","200","image/jpeg","",""
"http://localhost:8082/wp-content/uploads/2026/08/SABER-College_mascot_brand-scaled-1-2048x1152.png","200","image/png","",""
"http://localhost:8082/wp-content/uploads/2026/08/RN-min.jpg","200","image/jpeg","",""
"http://localhost:8082/wp-content/uploads/2026/08/SABER_PN-1024x527.webp","200","image/webp","",""
"http://localhost:8082/wp-content/uploads/2026/08/SABER-PTA-768x513.webp","200","image/webp","",""
"http://localhost:8082/wp-content/uploads/2026/08/SABER_Blog-_PTA_AGO26-e1787860862637-1024x882.png","200","image/png","",""
"http://localhost:8082/wp-content/uploads/2026/08/SABER-PTA-1024x684.webp","200","image/webp","",""
"http://localhost:8082/wp-content/uploads/2026/08/SABER-PTA.webp","200","image/webp","",""
"http://localhost:8082/wp-content/uploads/2026/08/SABER-College_mascot_brand-scaled-1-768x432.png","200","image/png","",""
"http://localhost:8082/wp-content/uploads/2026/08/SABER_Blog-_PTA_AGO26-e1787860862637-300x258.png","200","image/png","",""
"http://localhost:8082/wp-content/uploads/2026/08/SABER-PTA-1536x1026.webp","200","image/webp","",""
"http://localhost:8082/wp-content/uploads/2026/08/SABER-PTA-300x200.webp","200","image/webp","",""
"http://localhost:8082/wp-content/uploads/2026/08/SABER_Blog-_PTA_AGO26-e1787860862637.png","200","image/png","",""
"http://localhost:8082/wp-content/uploads/2026/08/SABER-College_mascot_brand-scaled-1-300x169.png","200","image/png","",""
"http://localhost:8082/wp-content/uploads/2026/08/SABER_Blog-_PTA_AGO26-e1787860862637-768x661.png","200","image/png","",""
"http://localhost:8082/wp-content/uploads/2026/08/SC-Press-Release-Fall-Enrollment--300x157.png","200","image/png","",""
"http://localhost:8082/wp-content/uploads/2026/08/SABER_PN-300x154.webp","200","image/webp","",""
"http://localhost:8082/wp-content/uploads/2026/08/SABER_PN-768x395.webp","200","image/webp","",""
"http://localhost:8082/wp-content/uploads/2026/08/SABER_PN.webp","200","image/webp","",""
"http://localhost:8082/wp-content/uploads/2026/08/Saber-College-Curious-Minds-Pursuing-Career-Physical-Therapist-Assistant-Miami-Florida--1536x1024.webp","200","image/webp","",""
"http://localhost:8082/wp-content/uploads/2026/08/Saber-College-Curious-Minds-Pursuing-Career-Physical-Therapist-Assistant-Miami-Florida--768x512.webp","200","image/webp","",""
"http://localhost:8082/wp-content/uploads/2026/08/Saber-College-Curious-Minds-Pursuing-Career-Physical-Therapist-Assistant-Miami-Florida--300x200.webp","200","image/webp","",""
"http://localhost:8082/wp-content/uploads/2026/08/SC-Press-Release-Fall-Enrollment-.png","200","image/png","",""
"http://localhost:8082/wp-content/uploads/2026/08/Saber-College-Curious-Minds-Pursuing-Career-Physical-Therapist-Assistant-Miami-Florida--1024x683.webp","200","image/webp","",""
"http://localhost:8082/wp-content/uploads/2026/08/Saber-College-Curious-Minds-Pursuing-Career-Physical-Therapist-Assistant-Miami-Florida-.webp","200","image/webp","",""
"http://localhost:8082/wp-content/uploads/2026/08/Saber-College-Curious-Minds-join-nursing-program-miami-florida-registered-nurse-accreditation-english-1536x1024.png","200","image/png","",""
"http://localhost:8082/wp-content/uploads/2026/08/Saber-College-Curious-Minds-join-nursing-program-miami-florida-registered-nurse-accreditation-english-1024x683.png","200","image/png","",""
"http://localhost:8082/wp-content/uploads/2026/08/Saber-College-Curious-Minds-join-nursing-program-miami-florida-registered-nurse-accreditation-spanish-2048x1366-1-1024x683.png","200","image/png","",""
"http://localhost:8082/wp-content/uploads/2026/08/Saber-College-Curious-Minds-join-nursing-program-miami-florida-registered-nurse-accreditation-english-2048x1366.png","200","image/png","",""
"http://localhost:8082/wp-content/uploads/2026/08/Saber-College-Curious-Minds-join-nursing-program-miami-florida-registered-nurse-accreditation-english-768x512.png","200","image/png","",""
"http://localhost:8082/wp-content/uploads/2026/08/Saber-College-Curious-Minds-join-nursing-program-miami-florida-registered-nurse-accreditation-english-300x200.png","200","image/png","",""
"http://localhost:8082/wp-content/uploads/2026/08/Saber-College-Curious-Minds-join-nursing-program-miami-florida-registered-nurse-accreditation-spanish-2048x1366-1-300x200.png","200","image/png","",""
"http://localhost:8082/wp-content/uploads/2026/08/Saber-College-Curious-Minds-join-nursing-program-miami-florida-registered-nurse-accreditation-spanish-2048x1366-1-1536x1025.png","200","image/png","",""
"http://localhost:8082/wp-content/uploads/2026/08/Saber-College-Curious-Minds-join-physical-therapist-assistant-program-miami-florida-pta-salaries-2048x1366-1-1024x683.png","200","image/png","",""
"http://localhost:8082/wp-content/uploads/2026/08/Saber-College-Curious-Minds-join-nursing-program-miami-florida-registered-nurse-accreditation-spanish-2048x1366-1-768x512.png","200","image/png","",""
"http://localhost:8082/wp-content/uploads/2026/08/Saber-College-Curious-Minds-join-physical-therapist-assistant-program-miami-florida-pta-salaries-2048x1366-1-300x200.png","200","image/png","",""
"http://localhost:8082/wp-content/uploads/2026/08/Saber-College-Curious-Minds-join-nursing-program-miami-florida-registered-nurse-accreditation-spanish-2048x1366-1.png","200","image/png","",""
"http://localhost:8082/wp-content/uploads/2026/08/Saber-College-Curious-Minds-join-physical-therapist-assistant-program-miami-florida-pta-salaries-2048x1366-1-1536x1025.png","200","image/png","",""
"http://localhost:8082/wp-content/uploads/2026/08/Saber-College-Curious-Minds-join-physical-therapist-assistant-program-miami-florida-pta-salaries-2048x1366-1-768x512.png","200","image/png","",""
"http://localhost:8082/wp-content/uploads/2026/08/Saber-College-Curious-Minds-join-saber-college-nursing-program-miami-florida-registered-nurse-2048x1366-1-1536x1025.png","200","image/png","",""
"http://localhost:8082/wp-content/uploads/2026/08/Saber-College-Curious-Minds-join-physical-therapist-assistant-program-miami-florida-pta-salaries-2048x1366-1.png","200","image/png","",""
"http://localhost:8082/wp-content/uploads/2026/08/Saber-College-Curious-Minds-join-saber-college-nursing-program-miami-florida-registered-nurse-2048x1366-1-300x200.png","200","image/png","",""
"http://localhost:8082/wp-content/uploads/2026/08/Saber-College-Curious-Minds-join-saber-college-nursing-program-miami-florida-registered-nurse-2048x1366-1-1024x683.png","200","image/png","",""
"http://localhost:8082/wp-content/uploads/2026/08/Saber-College-Curious-Minds-join-saber-college-nursing-program-miami-florida-registered-nurse-2048x1366-1.png","200","image/png","",""
"http://localhost:8082/wp-content/uploads/2026/08/Saber-College-Curious-Minds-join-saber-college-physical-therapist-assistant-program-miami-florida-pta-2048x1366-1-1536x1025.png","200","image/png","",""
"http://localhost:8082/wp-content/uploads/2026/08/Saber-College-Curious-Minds-join-saber-college-physical-therapist-assistant-program-miami-florida-pta-2048x1366-1-768x512.png","200","image/png","",""
"http://localhost:8082/wp-content/uploads/2026/08/Saber-College-Curious-Minds-join-saber-college-physical-therapy-assistant-pta-program-start-january-6-2025-miami-florida-2048x1366-1-1024x683.png","200","image/png","",""
"http://localhost:8082/wp-content/uploads/2026/08/Saber-College-Curious-Minds-join-saber-college-physical-therapist-assistant-program-miami-florida-pta-2048x1366-1.png","200","image/png","",""
"http://localhost:8082/wp-content/uploads/2026/08/Saber-College-Curious-Minds-join-saber-college-physical-therapist-assistant-program-miami-florida-pta-2048x1366-1-1024x683.png","200","image/png","",""
"http://localhost:8082/wp-content/uploads/2026/08/Saber-College-Curious-Minds-join-saber-college-physical-therapist-assistant-program-miami-florida-pta-2048x1366-1-300x200.png","200","image/png","",""
"http://localhost:8082/wp-content/uploads/2026/08/Saber-College-Curious-Minds-join-saber-college-nursing-program-miami-florida-registered-nurse-2048x1366-1-768x512.png","200","image/png","",""
"http://localhost:8082/wp-content/uploads/2026/08/Saber-College-Curious-Minds-join-saber-college-pta-program-miami-florida-physical-therapist-assistant-768x512.png","200","image/png","",""
"http://localhost:8082/wp-content/uploads/2026/08/Saber-College-Curious-Minds-miami-florida-physical-therapy-graduation-300x200.png","200","image/png","",""
"http://localhost:8082/wp-content/uploads/2026/08/Saber-College-Curious-Minds-miami-florida-physical-therapy-graduation-1024x683.png","200","image/png","",""
"http://localhost:8082/wp-content/uploads/2026/08/Saber-College-Curious-Minds-miami-florida-physical-therapy-graduation-2048x1366.png","200","image/png","",""
"http://localhost:8082/wp-content/uploads/2026/08/Saber-College-Curious-Minds-join-saber-college-pta-program-miami-florida-physical-therapist-assistant-1024x683.png","200","image/png","",""
"http://localhost:8082/wp-content/uploads/2026/08/Saber-College-Curious-Minds-join-saber-college-pta-program-miami-florida-physical-therapist-assistant.png","200","image/png","",""
"http://localhost:8082/wp-content/uploads/2026/08/Saber-College-Curious-Minds-miami-florida-physical-therapy-graduation-1536x1024.png","200","image/png","",""
"http://localhost:8082/wp-content/uploads/2026/08/Saber-College-Curious-Minds-join-saber-college-physical-therapy-assistant-pta-program-start-january-6-2025-miami-florida-2048x1366-1-1536x1025.png","200","image/png","",""
"http://localhost:8082/wp-content/uploads/2026/08/Saber-College-Curious-Minds-join-saber-college-physical-therapy-assistant-pta-program-start-january-6-2025-miami-florida-2048x1366-1.png","200","image/png","",""
"http://localhost:8082/wp-content/uploads/2026/08/Saber-College-Curious-Minds-join-saber-college-physical-therapy-assistant-pta-program-start-january-6-2025-miami-florida-2048x1366-1-300x200.png","200","image/png","",""
"http://localhost:8082/wp-content/uploads/2026/08/Saber-College-Curious-Minds-join-saber-college-physical-therapy-assistant-pta-program-start-january-6-2025-miami-florida-2048x1366-1-768x512.png","200","image/png","",""
"http://localhost:8082/wp-content/uploads/2026/08/Saber-College-Curious-Minds-join-saber-college-pta-program-miami-florida-physical-therapist-assistant-300x200.png","200","image/png","",""
"http://localhost:8082/wp-content/uploads/2026/08/Saber-College-Curious-Minds-miami-florida-registered-nurse-nursing-Spanish-300x200.png","200","image/png","",""
"http://localhost:8082/wp-content/uploads/2026/08/Saber-College-Curious-Minds-miami-florida-registered-nurse-nursing-Spanish-768x512.png","200","image/png","",""
"http://localhost:8082/wp-content/uploads/2026/08/Saber-College-Curious-Minds-miami-florida-registered-nurse-nursing-Spanish-2048x1366.png","200","image/png","",""
"http://localhost:8082/wp-content/uploads/2026/08/Saber-College-Curious-Minds-miami-florida-registered-nurse-nursing-English-1024x683.png","200","image/png","",""
"http://localhost:8082/wp-content/uploads/2026/08/Saber-College-Curious-Minds-miami-florida-registered-nurse-nursing-English-768x512.png","200","image/png","",""
"http://localhost:8082/wp-content/uploads/2026/08/Saber-College-Curious-Minds-miami-florida-registered-nurse-nursing-Spanish-1536x1024.png","200","image/png","",""
"http://localhost:8082/wp-content/uploads/2026/08/Saber-College-Curious-Minds-miami-florida-registered-nurse-nursing-English-1536x1024.png","200","image/png","",""
"http://localhost:8082/wp-content/uploads/2026/08/Saber-College-Curious-Minds-miami-florida-registered-nurse-nursing-Spanish-1024x683.png","200","image/png","",""
"http://localhost:8082/wp-content/uploads/2026/08/Saber-College-Curious-Minds-miami-florida-registered-nurse-nursing-English-300x200.png","200","image/png","",""
"http://localhost:8082/wp-content/uploads/2026/08/Saber-College-Curious-Minds-miami-florida-physical-therapy-graduation-768x512.png","200","image/png","",""
"http://localhost:8082/wp-content/uploads/2026/08/Saber-College-Curious-Minds-miami-florida-registered-nurse-nursing-English-2048x1366.png","200","image/png","",""
"http://localhost:8082/wp-content/uploads/2026/08/Saber_Nurse_post_C_27Jul_Land_web-1024x576.png","200","image/png","",""
"http://localhost:8082/wp-content/uploads/2026/08/Saber_Nursing_23JunLand_PTA-1-1024x1024.png","200","image/png","",""
"http://localhost:8082/wp-content/uploads/2026/08/Saber_Nurse_post_C_27Jul_Land_web-300x169.png","200","image/png","",""
"http://localhost:8082/wp-content/uploads/2026/08/Saber_Nurse_post_C_27Jul_Land_web-768x432.png","200","image/png","",""
"http://localhost:8082/wp-content/uploads/2026/08/Saber_Nurse_post_C_27Jul_Land_web.png","200","image/png","",""
"http://localhost:8082/wp-content/uploads/2026/08/Saber_Nurse_post_C_27Jul_Land_web-1536x864.png","200","image/png","",""
"http://localhost:8082/wp-content/uploads/2026/08/Saber_Nursing_23JunLand_PTA-1-300x300.png","200","image/png","",""
"http://localhost:8082/wp-content/uploads/2026/08/Saber_Nursing_23JunLand_PTA-1-150x150.png","200","image/png","",""
"http://localhost:8082/wp-content/uploads/2026/08/Saber_Nursing_23JunLand_PTA-1.png","200","image/png","",""
"http://localhost:8082/wp-content/uploads/2026/08/Saber_Nursing_23JunLand_PTA-1-768x768.png","200","image/png","",""
"http://localhost:8082/wp-content/uploads/2026/08/Saber_PTA_11jun_Land-1536x864.png","200","image/png","",""
"http://localhost:8082/wp-content/uploads/2026/08/Saber_PTA_11jun_Land-1024x576.png","200","image/png","",""
"http://localhost:8082/wp-content/uploads/2026/08/Saber_PTA_11jun_Land-300x169.png","200","image/png","",""
"http://localhost:8082/wp-content/uploads/2026/08/Ssaber_College_Press-Release_Enrollment_Fall_SPANISH_Asistente_Medico-300x157.jpeg","200","image/jpeg","",""
"http://localhost:8082/wp-content/uploads/2026/08/Saber_PTA_11jun_Land-768x432.png","200","image/png","",""
"http://localhost:8082/wp-content/uploads/2026/08/Saber_PTA_11jun_Land.png","200","image/png","",""
"http://localhost:8082/wp-content/uploads/2026/08/Ssaber_College_Press-Release_Enrollment_Fall_SPANISH_Asistente_Medico.jpeg","200","image/jpeg","",""
"http://localhost:8082/wp-content/uploads/2026/08/The-BridgeNurse-A_Land-1024x576.png","200","image/png","",""
"http://localhost:8082/wp-content/uploads/2026/08/The-BridgeNurse-A_Land-300x169.png","200","image/png","",""
"http://localhost:8082/wp-content/uploads/2026/08/The-BridgeNurse-A_Land-1536x864.png","200","image/png","",""
"http://localhost:8082/wp-content/uploads/2026/08/The-BridgeNurse-A_Land-768x432.png","200","image/png","",""
"http://localhost:8082/wp-content/uploads/2026/08/The-BridgeNurse-A_Land.png","200","image/png","",""
"http://localhost:8082/wp-content/uploads/2026/08/The-BridgeNurse-B_Land-1024x576.png","200","image/png","",""
"http://localhost:8082/wp-content/uploads/2026/08/The-BridgeNurse-B_Land-300x169.png","200","image/png","",""
"http://localhost:8082/wp-content/uploads/2026/08/The-BridgeNurse-B_Land-1536x864.png","200","image/png","",""
"http://localhost:8082/wp-content/uploads/2026/08/cie-florida-white.png","200","image/png","",""
"http://localhost:8082/wp-content/uploads/2026/08/The-BridgeNurse-B_Land-768x432.png","200","image/png","",""
"http://localhost:8082/wp-content/uploads/2026/08/cropped-saber-college-192x192.png","200","image/png","",""
"http://localhost:8082/wp-content/uploads/2026/08/cropped-saber-college-180x180.png","200","image/png","",""
"http://localhost:8082/wp-content/uploads/2026/08/cropped-saber-college-32x32.png","200","image/png","",""
"http://localhost:8082/wp-content/uploads/2026/08/cs-physical-therapy-for-psoriatic-arthritis-1440x810-1-300x169.jpg","200","image/jpeg","",""
"http://localhost:8082/wp-content/uploads/2026/08/The-BridgeNurse-B_Land.png","200","image/png","",""
"http://localhost:8082/wp-content/uploads/2026/08/cs-physical-therapy-for-psoriatic-arthritis-1440x810-1-1024x576.jpg","200","image/jpeg","",""
"http://localhost:8082/wp-content/uploads/2026/08/cs-physical-therapy-for-psoriatic-arthritis-1440x810-1.jpg","200","image/jpeg","",""
"http://localhost:8082/wp-content/uploads/2026/08/enfermeras-de-tiro-medio-cuidando-al-paciente-1-300x285.png","200","image/png","",""
"http://localhost:8082/wp-content/uploads/2026/08/cs-physical-therapy-for-psoriatic-arthritis-1440x810-1-768x432.jpg","200","image/jpeg","",""
"http://localhost:8082/wp-content/uploads/2026/08/enfermeras-de-tiro-medio-cuidando-al-paciente-1.png","200","image/png","",""
"http://localhost:8082/wp-content/uploads/2026/08/help-venezuela-300x169.jpg","200","image/jpeg","",""
"http://localhost:8082/wp-content/uploads/2026/08/help-venezuela-768x432.jpg","200","image/jpeg","",""
"http://localhost:8082/wp-content/uploads/2026/08/help-venezuela-1536x864.jpg","200","image/jpeg","",""
"http://localhost:8082/wp-content/uploads/2026/08/help-venezuela.jpg","200","image/jpeg","",""
"http://localhost:8082/wp-content/uploads/2026/08/how-much-do-registered-nurses-make-Florida-1024x683.webp","200","image/webp","",""
"http://localhost:8082/wp-content/uploads/2026/08/how-much-do-registered-nurses-make-Florida-300x200.webp","200","image/webp","",""
"http://localhost:8082/wp-content/uploads/2026/08/help-venezuela-1024x576.jpg","200","image/jpeg","",""
"http://localhost:8082/wp-content/uploads/2026/08/how-much-do-registered-nurses-make-Florida-768x512.webp","200","image/webp","",""
"http://localhost:8082/wp-content/uploads/2026/08/how-to-become-a-physical-therapist-assistant-Florida-1-1024x575.webp","200","image/webp","",""
"http://localhost:8082/wp-content/uploads/2026/08/how-much-do-registered-nurses-make-Florida.webp","200","image/webp","",""
"http://localhost:8082/wp-content/uploads/2026/08/how-to-become-a-physical-therapist-assistant-Florida-1-300x169.webp","200","image/webp","",""
"http://localhost:8082/wp-content/uploads/2026/08/how-to-become-a-physical-therapist-assistant-Florida-1-768x431.webp","200","image/webp","",""
"http://localhost:8082/wp-content/uploads/2026/08/image1-300x210.png","200","image/png","",""
"http://localhost:8082/wp-content/uploads/2026/08/how-to-become-a-physical-therapist-assistant-Florida-1.webp","200","image/webp","",""
"http://localhost:8082/wp-content/uploads/2026/08/how-to-pay-for-college.jpg","200","image/jpeg","",""
"http://localhost:8082/wp-content/uploads/2026/08/how-to-pay-for-college-300x225.jpg","200","image/jpeg","",""
"http://localhost:8082/wp-content/uploads/2026/08/image1.png","200","image/png","",""
"http://localhost:8082/wp-content/uploads/2026/08/lanzamiento-sabri_vertv2-819x1024.png","200","image/png","",""
"http://localhost:8082/wp-content/uploads/2026/08/lanzamiento-sabri_vertv2-768x960.png","200","image/png","",""
"http://localhost:8082/wp-content/uploads/2026/08/lanzamiento-sabri_vertv2.png","200","image/png","",""
"http://localhost:8082/wp-content/uploads/2026/08/nursejpg-1024x512.jpg","200","image/jpeg","",""
"http://localhost:8082/wp-content/uploads/2026/08/lanzamiento-sabri_vertv2-240x300.png","200","image/png","",""
"http://localhost:8082/wp-content/uploads/2026/08/nursejpg-1536x768.jpg","200","image/jpeg","",""
"http://localhost:8082/wp-content/uploads/2026/08/nursejpg-300x150.jpg","200","image/jpeg","",""
"http://localhost:8082/wp-content/uploads/2026/08/patient_Dignity-300x201.webp","200","image/webp","",""
"http://localhost:8082/wp-content/uploads/2026/08/patient_Dignity.webp","200","image/webp","",""
"http://localhost:8082/wp-content/uploads/2026/08/physical-therapist-assistant-1-300x181.jpg","200","image/jpeg","",""
"http://localhost:8082/wp-content/uploads/2026/08/nursejpg-768x384.jpg","200","image/jpeg","",""
"http://localhost:8082/wp-content/uploads/2026/08/nursejpg.jpg","200","image/jpeg","",""
"http://localhost:8082/wp-content/uploads/2026/08/physical-therapist-assistant-768x512.jpg","200","image/jpeg","",""
"http://localhost:8082/wp-content/uploads/2026/08/physical-therapist-assistant-300x200.jpg","200","image/jpeg","",""
"http://localhost:8082/wp-content/uploads/2026/08/physical-therapist-assistant-1.jpg","200","image/jpeg","",""
"http://localhost:8082/wp-content/uploads/2026/08/physical-therapy-2048x1366-1-1024x683.jpg","200","image/jpeg","",""
"http://localhost:8082/wp-content/uploads/2026/08/physical-therapist-assistant.jpg","200","image/jpeg","",""
"http://localhost:8082/wp-content/uploads/2026/08/physical-therapy-2048x1366-1-1536x1025.jpg","200","image/jpeg","",""
"http://localhost:8082/wp-content/uploads/2026/08/physical-therapy-2048x1366-1-300x200.jpg","200","image/jpeg","",""
"http://localhost:8082/wp-content/uploads/2026/08/physical-therapy-assistant-working-with-patient-1200x628-1-768x402.webp","200","image/webp","",""
"http://localhost:8082/wp-content/uploads/2026/08/physical-therapy-assistant-working-with-patient-1200x628-1-1024x536.webp","200","image/webp","",""
"http://localhost:8082/wp-content/uploads/2026/08/physical-therapy-assistant-working-with-patient-1200x628-1.webp","200","image/webp","",""
"http://localhost:8082/wp-content/uploads/2026/08/physical_Therapist_assistant-768x519.jpg","200","image/jpeg","",""
"http://localhost:8082/wp-content/uploads/2026/08/physical-therapy-2048x1366-1-768x512.jpg","200","image/jpeg","",""
"http://localhost:8082/wp-content/uploads/2026/08/physical-therapy-2048x1366-1.jpg","200","image/jpeg","",""
"http://localhost:8082/wp-content/uploads/2026/08/physical-therapy-assistant-working-with-patient-1200x628-1-300x157.webp","200","image/webp","",""
"http://localhost:8082/wp-content/uploads/2026/08/physical_Therapist_assistant.jpg","200","image/jpeg","",""
"http://localhost:8082/wp-content/uploads/2026/08/physical_Therapist_assistant-300x203.jpg","200","image/jpeg","",""
"http://localhost:8082/wp-content/uploads/2026/08/physical_therapist_assistant-1-150x150.jpg","200","image/jpeg","",""
"http://localhost:8082/wp-content/uploads/2026/08/physical_therapist_assistant-1-300x300.jpg","200","image/jpeg","",""
"http://localhost:8082/wp-content/uploads/2026/08/physical_therapist_assistant-1.jpg","200","image/jpeg","",""
"http://localhost:8082/wp-content/uploads/2026/08/registered_nurse-1-300x200.jpg","200","image/jpeg","",""
"http://localhost:8082/wp-content/uploads/2026/08/rn-300x200.jpg","200","image/jpeg","",""
"http://localhost:8082/wp-content/uploads/2026/08/rn-768x512.jpg","200","image/jpeg","",""
"http://localhost:8082/wp-content/uploads/2026/08/professional_Nursing_Values-768x510.webp","200","image/webp","",""
"http://localhost:8082/wp-content/uploads/2026/08/registered_nurse-1-768x512.jpg","200","image/jpeg","",""
"http://localhost:8082/wp-content/uploads/2026/08/professional_Nursing_Values.webp","200","image/webp","",""
"http://localhost:8082/wp-content/uploads/2026/08/registered_nurse-300x200.jpg","200","image/jpeg","",""
"http://localhost:8082/wp-content/uploads/2026/08/registered_nurse.jpg","200","image/jpeg","",""
"http://localhost:8082/wp-content/uploads/2026/08/registered_nurse-1-1024x683.jpg","200","image/jpeg","",""
"http://localhost:8082/wp-content/uploads/2026/08/professional_Nursing_Values-1024x680.webp","200","image/webp","",""
"http://localhost:8082/wp-content/uploads/2026/08/registered_nurse-1.jpg","200","image/jpeg","",""
"http://localhost:8082/wp-content/uploads/2026/08/professional_Nursing_Values-300x199.webp","200","image/webp","",""
"http://localhost:8082/wp-content/uploads/2026/08/saber-college-nursing-weekend-spanish-2048x1366-1-1024x683.png","200","image/png","",""
"http://localhost:8082/wp-content/uploads/2026/08/saber-college-nursing-weekend-english-2048x1366-1-768x512.png","200","image/png","",""
"http://localhost:8082/wp-content/uploads/2026/08/saber-college-nursing-weekend-english-2048x1366-1.png","200","image/png","",""
"http://localhost:8082/wp-content/uploads/2026/08/saber-college-nursing-weekend-spanish-2048x1366-1-1536x1025.png","200","image/png","",""
"http://localhost:8082/wp-content/uploads/2026/08/saber-college-nursing-weekend-english-2048x1366-1-1536x1025.png","200","image/png","",""
"http://localhost:8082/wp-content/uploads/2026/08/saber-college-nursing-weekend-english-2048x1366-1-1024x683.png","200","image/png","",""
"http://localhost:8082/wp-content/uploads/2026/08/saber-college-nursing-weekend-spanish-2048x1366-1-768x512.png","200","image/png","",""
"http://localhost:8082/wp-content/uploads/2026/08/saber-college-nursing-weekend-english-2048x1366-1-300x200.png","200","image/png","",""
"http://localhost:8082/wp-content/uploads/2026/08/rn.jpg","200","image/jpeg","",""
"http://localhost:8082/wp-content/uploads/2026/08/saber-college-nursing-weekend-spanish-2048x1366-1-300x200.png","200","image/png","",""
"http://localhost:8082/wp-content/uploads/2026/08/saber-college-nursing-weekend-spanish-2048x1366-1.png","200","image/png","",""
"http://localhost:8082/wp-content/uploads/2026/08/saber-college-150x150.png","200","image/png","",""
"http://localhost:8082/wp-content/uploads/2026/08/saber_college-Blog-PTA-caminan-moving-day-2048x1366-1-1536x1025.png","200","image/png","",""
"http://localhost:8082/wp-content/uploads/2026/08/saber-college.png","200","image/png","",""
"http://localhost:8082/wp-content/uploads/2026/08/saber_college-Blog-PTA-caminan-moving-day-2048x1366-1-1024x683.png","200","image/png","",""
"http://localhost:8082/wp-content/uploads/2026/08/saber_college-Blog-PTA-caminan-moving-day-2048x1366-1-300x200.png","200","image/png","",""
"http://localhost:8082/wp-content/uploads/2026/08/saber_college-Blog-PTA-caminan-moving-day-2048x1366-1.png","200","image/png","",""
"http://localhost:8082/wp-content/uploads/2026/08/saber_college-Blog-PTA-moving-day-2048x1366-1-1536x1025.png","200","image/png","",""
"http://localhost:8082/wp-content/uploads/2026/08/saber_college-Blog-PTA-moving-day-2048x1366-1-1024x683.png","200","image/png","",""
"http://localhost:8082/wp-content/uploads/2026/08/saber_college-Blog-Pavel-Pugh_Enfermeria-2048x1366-1-1024x683.png","200","image/png","",""
"http://localhost:8082/wp-content/uploads/2026/08/saber_college-Blog-PTA-moving-day-2048x1366-1-300x200.png","200","image/png","",""
"http://localhost:8082/wp-content/uploads/2026/08/saber_college-Blog-PTA-moving-day-2048x1366-1.png","200","image/png","",""
"http://localhost:8082/wp-content/uploads/2026/08/saber_college-Blog-PTA-moving-day-2048x1366-1-768x512.png","200","image/png","",""
"http://localhost:8082/wp-content/uploads/2026/08/saber_college-Blog-PTA-caminan-moving-day-2048x1366-1-768x512.png","200","image/png","",""
"http://localhost:8082/wp-content/uploads/2026/08/saber_college-Blog-Pavel-Pugh_Enfermeria-2048x1366-1-1536x1025.png","200","image/png","",""
"http://localhost:8082/wp-content/uploads/2026/08/saber_college-Blog-Pavel-Pugh_Enfermeria-2048x1366-1-300x200.png","200","image/png","",""
"http://localhost:8082/wp-content/uploads/2026/08/saber_college-Blog-Pavel-Pugh_Enfermeria-2048x1366-1-768x512.png","200","image/png","",""
"http://localhost:8082/wp-content/uploads/2026/08/saber_college-Blog-enfermeria-miami-2026-razones-2048x1366-1-1536x1025.png","200","image/png","",""
"http://localhost:8082/wp-content/uploads/2026/08/saber_college-Blog-clinical-simulation-nursing-2048x1366-1-300x200.png","200","image/png","",""
"http://localhost:8082/wp-content/uploads/2026/08/saber_college-Blog-clinical-simulation-nursing-2048x1366-1-1024x683.png","200","image/png","",""
"http://localhost:8082/wp-content/uploads/2026/08/saber_college-Blog-enfermeria-miami-2026-razones-2048x1366-1-1024x683.png","200","image/png","",""
"http://localhost:8082/wp-content/uploads/2026/08/saber_college-Blog-clinical-simulation-nursing-2048x1366-1-768x512.png","200","image/png","",""
"http://localhost:8082/wp-content/uploads/2026/08/saber_college-Blog-clinical-simulation-nursing-2048x1366-1-1536x1025.png","200","image/png","",""
"http://localhost:8082/wp-content/uploads/2026/08/saber_college-Blog-Pavel-Pugh_Enfermeria-2048x1366-1.png","200","image/png","",""
"http://localhost:8082/wp-content/uploads/2026/08/saber_college-Blog-clinical-simulation-nursing-2048x1366-1.png","200","image/png","",""
"http://localhost:8082/wp-content/uploads/2026/08/saber_college-Blog-enfermeria-miami-2026-razones-2048x1366-1-300x200.png","200","image/png","",""
"http://localhost:8082/wp-content/uploads/2026/08/saber_college-Blog-npte-exam-pta-2048x1366-1.png","200","image/png","",""
"http://localhost:8082/wp-content/uploads/2026/08/saber_college-Blog-npte-exam-pta-2048x1366-1-300x200.png","200","image/png","",""
"http://localhost:8082/wp-content/uploads/2026/08/saber_college-Blog-examen-npte-pta-2048x1366-1.png","200","image/png","",""
"http://localhost:8082/wp-content/uploads/2026/08/saber_college-Blog-npte-exam-pta-2048x1366-1-1024x683.png","200","image/png","",""
"http://localhost:8082/wp-content/uploads/2026/08/saber_college-Blog-enfermeria-miami-2026-razones-2048x1366-1-768x512.png","200","image/png","",""
"http://localhost:8082/wp-content/uploads/2026/08/saber_college-Blog-enfermeria-miami-2026-razones-2048x1366-1.png","200","image/png","",""
"http://localhost:8082/wp-content/uploads/2026/08/saber_college-Blog-examen-npte-pta-2048x1366-1-1024x683.png","200","image/png","",""
"http://localhost:8082/wp-content/uploads/2026/08/saber_college-Blog-npte-exam-pta-2048x1366-1-768x512.png","200","image/png","",""
"http://localhost:8082/wp-content/uploads/2026/08/saber_college-Blog-examen-npte-pta-2048x1366-1-768x512.png","200","image/png","",""
"http://localhost:8082/wp-content/uploads/2026/08/saber_college-Blog-npte-exam-pta-2048x1366-1-1536x1025.png","200","image/png","",""
"http://localhost:8082/wp-content/uploads/2026/08/saber_college-Blog-examen-npte-pta-2048x1366-1-1536x1025.png","200","image/png","",""
"http://localhost:8082/wp-content/uploads/2026/08/saber_college-Blog-examen-npte-pta-2048x1366-1-300x200.png","200","image/png","",""
"http://localhost:8082/wp-content/uploads/2026/08/saber_college-Blog-programa-enfermeria-fin-semana-2048x1366-1-1536x1025.png","200","image/png","",""
"http://localhost:8082/wp-content/uploads/2026/08/saber_college-Blog-programa-enfermeria-fin-semana-2048x1366-1-300x200.png","200","image/png","",""
"http://localhost:8082/wp-content/uploads/2026/08/saber_college-Blog-rol-del-physical-therapist-assistant-2048x1366-1-1024x683.png","200","image/png","",""
"http://localhost:8082/wp-content/uploads/2026/08/saber_college-Blog-programa-enfermeria-fin-semana-2048x1366-1-768x512.png","200","image/png","",""
"http://localhost:8082/wp-content/uploads/2026/08/saber_college-Blog-programa-enfermeria-fin-semana-2048x1366-1.png","200","image/png","",""
"http://localhost:8082/wp-content/uploads/2026/08/saber_college-Blog-programa-enfermeria-fin-semana-2048x1366-1-1024x683.png","200","image/png","",""
"http://localhost:8082/wp-content/uploads/2026/08/saber_college-Blog-rol-del-physical-therapist-assistant-2048x1366-1-300x200.png","200","image/png","",""
"http://localhost:8082/wp-content/uploads/2026/08/saber_college-Blog-simulacion-clinica-enfermeria-2048x1366-1-1024x683.png","200","image/png","",""
"http://localhost:8082/wp-content/uploads/2026/08/saber_college-Blog-rol-del-physical-therapist-assistant-2048x1366-1-1536x1025.png","200","image/png","",""
"http://localhost:8082/wp-content/uploads/2026/08/saber_college-Blog-simulacion-clinica-enfermeria-2048x1366-1-1536x1025.png","200","image/png","",""
"http://localhost:8082/wp-content/uploads/2026/08/saber_college-Blog-rol-del-physical-therapist-assistant-2048x1366-1-768x512.png","200","image/png","",""
"http://localhost:8082/wp-content/uploads/2026/08/saber_college-Blog-rol-del-physical-therapist-assistant-2048x1366-1.png","200","image/png","",""
"http://localhost:8082/wp-content/uploads/2026/08/saber_college-Blog-study-nursing-in-miami-2026-2048x1366-1-1024x683.png","200","image/png","",""
"http://localhost:8082/wp-content/uploads/2026/08/saber_college-Blog-simulacion-clinica-enfermeria-2048x1366-1-768x512.png","200","image/png","",""
"http://localhost:8082/wp-content/uploads/2026/08/saber_college-Blog-simulacion-clinica-enfermeria-2048x1366-1-300x200.png","200","image/png","",""
"http://localhost:8082/wp-content/uploads/2026/08/saber_college-Blog-study-nursing-in-miami-2026-2048x1366-1-1536x1025.png","200","image/png","",""
"http://localhost:8082/wp-content/uploads/2026/08/saber_college-Blog-simulacion-clinica-enfermeria-2048x1366-1.png","200","image/png","",""
"http://localhost:8082/wp-content/uploads/2026/08/saber_college-Blog-weekend-nursing-program-1-2048x1366-1-1536x1025.png","200","image/png","",""
"http://localhost:8082/wp-content/uploads/2026/08/saber_college-Blog-weekend-nursing-program-1-2048x1366-1-1024x683.png","200","image/png","",""
"http://localhost:8082/wp-content/uploads/2026/08/saber_college-Blog-study-nursing-in-miami-2026-2048x1366-1.png","200","image/png","",""
"http://localhost:8082/wp-content/uploads/2026/08/saber_college-Blog-study-nursing-in-miami-2026-2048x1366-1-768x512.png","200","image/png","",""
"http://localhost:8082/wp-content/uploads/2026/08/saber_college-Blog-study-nursing-in-miami-2026-2048x1366-1-300x200.png","200","image/png","",""
"http://localhost:8082/wp-content/uploads/2026/08/saber_college-Blog-weekend-nursing-program-1-2048x1366-1-300x200.png","200","image/png","",""
"http://localhost:8082/wp-content/uploads/2026/08/saber_college-Blog-weekend-nursing-program-1-2048x1366-1-768x512.png","200","image/png","",""
"http://localhost:8082/wp-content/uploads/2026/08/saber_college_Dr_Pavel_Pugh_Nursing-1024x536.png","200","image/png","",""
"http://localhost:8082/wp-content/uploads/2026/08/saber_college-Blog-weekend-nursing-program-1-2048x1366-1.png","200","image/png","",""
"http://localhost:8082/wp-content/uploads/2026/08/saber_college_Dr_Pavel_Pugh_Nursing.png","200","image/png","",""
"http://localhost:8082/wp-content/uploads/2026/08/saber_college_blog_asistente_terapia_fisica-1536x1024.png","200","image/png","",""
"http://localhost:8082/wp-content/uploads/2026/08/saber_college_Dr_Pavel_Pugh_Nursing-768x402.png","200","image/png","",""
"http://localhost:8082/wp-content/uploads/2026/08/saber_college_blog_asistente_terapia_fisica-1024x683.png","200","image/png","",""
"http://localhost:8082/wp-content/uploads/2026/08/saber_college_Dr_Pavel_Pugh_Nursing-300x157.png","200","image/png","",""
"http://localhost:8082/wp-content/uploads/2026/08/saber_college_blog_asistente_terapia_fisica-2048x1366.png","200","image/png","",""
"http://localhost:8082/wp-content/uploads/2026/08/saber_college_blog_nurse_salaries-1024x683.png","200","image/png","",""
"http://localhost:8082/wp-content/uploads/2026/08/saber_college_blog_asistente_terapia_fisica-300x200.png","200","image/png","",""
"http://localhost:8082/wp-content/uploads/2026/08/saber_college_blog_asistente_terapia_fisica-768x512.png","200","image/png","",""
"http://localhost:8082/wp-content/uploads/2026/08/saber_college_blog_nurse_salaries-1536x1024.png","200","image/png","",""
"http://localhost:8082/wp-content/uploads/2026/08/saber_college_blog_programa_enfermeria-1024x683.png","200","image/png","",""
"http://localhost:8082/wp-content/uploads/2026/08/saber_college_blog_nurse_salaries-300x200.png","200","image/png","",""
"http://localhost:8082/wp-content/uploads/2026/08/saber_college_blog_physical-therapist-assistant-2048x1366-1-300x200.png","200","image/png","",""
"http://localhost:8082/wp-content/uploads/2026/08/saber_college_blog_nurse_salaries-2048x1366.png","200","image/png","",""
"http://localhost:8082/wp-content/uploads/2026/08/saber_college_blog_programa_enfermeria-2048x1366.png","200","image/png","",""
"http://localhost:8082/wp-content/uploads/2026/08/saber_college_blog_programa_enfermeria-1536x1024.png","200","image/png","",""
"http://localhost:8082/wp-content/uploads/2026/08/saber_college_blog_physical-therapist-assistant-2048x1366-1-1536x1025.png","200","image/png","",""
"http://localhost:8082/wp-content/uploads/2026/08/saber_college_blog_physical-therapist-assistant-2048x1366-1.png","200","image/png","",""
"http://localhost:8082/wp-content/uploads/2026/08/saber_college_blog_physical-therapist-assistant-2048x1366-1-768x512.png","200","image/png","",""
"http://localhost:8082/wp-content/uploads/2026/08/saber_college_blog_nurse_salaries-768x512.png","200","image/png","",""
"http://localhost:8082/wp-content/uploads/2026/08/saber_college_blog_physical-therapist-assistant-2048x1366-1-1024x683.png","200","image/png","",""
"http://localhost:8082/wp-content/uploads/2026/08/saber_college_blog_programa_enfermeria-300x200.png","200","image/png","",""
"http://localhost:8082/wp-content/uploads/2026/08/saber_college_blog_registered_nurse_program-2048x1366-1-768x512.png","200","image/png","",""
"http://localhost:8082/wp-content/uploads/2026/08/sabi-nurse-1024x1024.png","200","image/png","",""
"http://localhost:8082/wp-content/uploads/2026/08/saber_college_blog_registered_nurse_program-2048x1366-1-1536x1025.png","200","image/png","",""
"http://localhost:8082/wp-content/uploads/2026/08/saber_college_blog_registered_nurse_program-2048x1366-1-1024x683.png","200","image/png","",""
"http://localhost:8082/wp-content/uploads/2026/08/saber_college_blog_programa_enfermeria-768x512.png","200","image/png","",""
"http://localhost:8082/wp-content/uploads/2026/08/saber_college_blog_registered_nurse_program-2048x1366-1-300x200.png","200","image/png","",""
"http://localhost:8082/wp-content/uploads/2026/08/saber_college_blog_registered_nurse_program-2048x1366-1.png","200","image/png","",""
"http://localhost:8082/wp-content/uploads/2026/08/sabi-nurse-768x768.png","200","image/png","",""
"http://localhost:8082/wp-content/uploads/2026/08/sabi-nurse-300x300.png","200","image/png","",""
"http://localhost:8082/wp-content/uploads/2026/08/sabi-nurse-banner-call-to-action-300x191.png","200","image/png","",""
"http://localhost:8082/wp-content/uploads/2026/08/sabi-nurse-150x150.png","200","image/png","",""
"http://localhost:8082/wp-content/uploads/2026/08/sabi-nurse-banner-call-to-action-1024x651.png","200","image/png","",""
"http://localhost:8082/wp-content/uploads/2026/08/sabi-saber-college-282x300.png","200","image/png","",""
"http://localhost:8082/wp-content/uploads/2026/08/sabi-nurse-banner-call-to-action.png","200","image/png","",""
"http://localhost:8082/wp-content/uploads/2026/08/sabi-saber-college.png","200","image/png","",""
"http://localhost:8082/wp-content/uploads/2026/08/sabi-nurse-banner-call-to-action-768x488.png","200","image/png","",""
"http://localhost:8082/wp-content/uploads/2026/08/study-in-the-United-States-768x512.png","200","image/png","",""
"http://localhost:8082/wp-content/uploads/2026/08/sabi-nurse.png","200","image/png","",""
"http://localhost:8082/wp-content/uploads/2026/08/study-in-the-United-States.png","200","image/png","",""
"http://localhost:8082/wp-content/uploads/2026/08/study-in-the-United-States-300x200.png","200","image/png","",""
"http://localhost:8082/wp-content/uploads/2026/09/PNP-banner-288x300.webp","200","image/webp","",""
"http://localhost:8082/wp-content/uploads/2026/09/PTA-banner-1.webp","200","image/webp","",""
"http://localhost:8082/wp-content/uploads/2026/09/PTA-banner-1-282x300.webp","200","image/webp","",""
"http://localhost:8082/wp-content/uploads/2026/09/PNP-banner.webp","200","image/webp","",""
"http://localhost:8082/wp-content/uploads/2026/09/saber-college-logo-white-1.png","200","image/png","",""
"http://localhost:8082/wp-content/uploads/2026/09/Saber_Nurse_post_Land_C-student-silueta-1024x1024.png","200","image/png","",""
"http://localhost:8082/wp-content/uploads/2026/09/acredited-to-saber-college.png","200","image/png","",""
"http://localhost:8082/wp-content/uploads/2026/09/acredited-to-saber-college-300x61.png","200","image/png","",""
"http://localhost:8082/wp-content/uploads/2026/09/Saber_Nurse_post_Land_C-student-silueta-768x768.png","200","image/png","",""
"http://localhost:8082/wp-content/uploads/2026/09/Saber_Nurse_post_Land_C-student-silueta.png","200","image/png","",""
"http://localhost:8082/wp-content/uploads/2026/09/Saber_Nurse_post_Land_C-student-silueta-150x150.png","200","image/png","",""
"http://localhost:8082/wp-content/uploads/2026/09/Saber_Nurse_post_Land_C-student-silueta-300x300.png","200","image/png","",""
"http://localhost:8082/wp-content/uploads/elementor/css/base-mobile.css","200","text/css","",""
"http://localhost:8082/wp-content/uploads/elementor/css/local-1192-frontend-desktop.css","200","text/css","",""
"http://localhost:8082/wp-content/uploads/elementor/css/local-1209-frontend-desktop.css","200","text/css","",""
"http://localhost:8082/wp-content/uploads/elementor/css/base-desktop.css","200","text/css","",""
"http://localhost:8082/wp-content/uploads/2026/08/call_1BXzmQ66IcvZKJQrMDe2mG1f-1024x576.png","200","image/png","",""
"http://localhost:8082/wp-content/uploads/elementor/css/local-16-frontend-mobile.css","200","text/css","",""
"http://localhost:8082/wp-content/uploads/elementor/css/local-1621-frontend-desktop.css","200","text/css","",""
"http://localhost:8082/wp-content/uploads/elementor/css/local-1591-frontend-desktop.css","200","text/css","",""
"http://localhost:8082/wp-content/uploads/elementor/css/local-1628-frontend-desktop.css","200","text/css","",""
"http://localhost:8082/wp-content/uploads/elementor/css/local-16-frontend-desktop.css","200","text/css","",""
"http://localhost:8082/wp-content/uploads/elementor/css/local-1621-frontend-mobile.css","200","text/css","",""
"http://localhost:8082/wp-content/uploads/elementor/css/local-1238-frontend-desktop.css","200","text/css","",""
"http://localhost:8082/wp-content/uploads/elementor/css/local-1225-frontend-desktop.css","200","text/css","",""
"http://localhost:8082/wp-content/uploads/elementor/css/local-25-frontend-mobile.css","200","text/css","",""
"http://localhost:8082/wp-content/uploads/elementor/css/local-1633-frontend-desktop.css","200","text/css","",""
"http://localhost:8082/wp-content/uploads/elementor/css/local-25-frontend-desktop.css","200","text/css","",""
"http://localhost:8082/wp-content/uploads/2026/08/call_lKJ4lRMzKDwgMzLXVhEeMFWG-1024x576.png","200","image/png","",""
"http://localhost:8082/wp-content/uploads/2026/08/lanzamiento-sabri_Landv3-1024x576.png","200","image/png","",""
"http://localhost:8082/wp-content/uploads/2026/08/call_FB4Bt31w20xpQ6iPYUHKeIgI-1024x576.png","200","image/png","",""
"http://localhost:8082/wp-content/uploads/2026/09/banner_about_us_02-1024x338.jpeg","200","image/jpeg","",""
"http://localhost:8082/wp-content/uploads/2026/09/banner_about_us_01-1024x338.jpg","200","image/jpeg","",""
"http://localhost:8082/wp-content/uploads/elementor/css/local-312-frontend-desktop.css","200","text/css","",""
"http://localhost:8082/wp-content/uploads/elementor/css/local-30-frontend-mobile.css","200","text/css","",""
"http://localhost:8082/wp-content/uploads/elementor/css/local-36-frontend-desktop.css","200","text/css","",""
"http://localhost:8082/wp-content/uploads/elementor/css/local-53-frontend-desktop.css","200","text/css","",""
"http://localhost:8082/wp-content/uploads/elementor/css/local-34-frontend-desktop.css","200","text/css","",""
"http://localhost:8082/wp-content/uploads/elementor/css/local-30-frontend-desktop.css","200","text/css","",""
"http://localhost:8082/wp-content/uploads/elementor/css/local-53-frontend-mobile.css","200","text/css","",""
"http://localhost:8082/wp-content/uploads/2026/08/call_lKJ4lRMzKDwgMzLXVhEeMFWG.png","200","image/png","",""
"http://localhost:8082/wp-content/uploads/elementor/css/local-859-frontend-desktop.css","200","text/css","",""
"http://localhost:8082/wp-content/uploads/elementor/css/local-877-frontend-desktop.css","200","text/css","",""
"http://localhost:8082/wp-content/uploads/elementor/css/local-863-frontend-desktop.css","200","text/css","",""
"http://localhost:8082/wp-content/uploads/elementor/css/local-881-frontend-desktop.css","200","text/css","",""
"http://localhost:8082/wp-content/uploads/elementor/css/local-7-frontend-desktop.css","200","text/css","",""
"http://localhost:8082/wp-content/uploads/elementor/css/local-7-frontend-mobile.css","200","text/css","",""
"http://localhost:8082/wp-content/uploads/elementor/css/local-872-frontend-desktop.css","200","text/css","",""
"http://localhost:8082/wp-content/uploads/elementor/css/local-872-frontend-mobile.css","200","text/css","",""
"http://localhost:8082/wp-content/uploads/elementor/css/local-870-frontend-mobile.css","200","text/css","",""
"http://localhost:8082/wp-content/uploads/elementor/css/local-861-frontend-desktop.css","200","text/css","",""
"http://localhost:8082/wp-content/uploads/elementor/css/local-870-frontend-desktop.css","200","text/css","",""
"http://localhost:8082/wp-content/uploads/2026/08/Saber_Nurse_post_Land_C-1024x576.png","200","image/png","",""
"http://localhost:8082/wp-content/uploads/2026/08/backgrounnd-banner-hero-home-1024x576.jpg","200","image/jpeg","",""
"http://localhost:8082/wp-content/uploads/2026/08/img_Nurse2-1024x572.png","200","image/png","",""
"http://localhost:8082/wp-content/uploads/2026/08/backgrounnd-banner-call-to-action-1024x576.jpg","200","image/jpeg","",""
"http://localhost:8082/wp-content/uploads/2026/08/call_FB4Bt31w20xpQ6iPYUHKeIgI.png","200","image/png","",""
"http://localhost:8082/wp-content/uploads/2026/08/call_1BXzmQ66IcvZKJQrMDe2mG1f.png","200","image/png","",""
"http://localhost:8082/wp-content/uploads/elementor/css/local-898-frontend-desktop.css","200","text/css","",""
"http://localhost:8082/wp-content/uploads/elementor/css/local-883-frontend-desktop.css","200","text/css","",""
"http://localhost:8082/wp-content/uploads/elementor/css/local-887-frontend-desktop.css","200","text/css","",""
"http://localhost:8082/wp-content/uploads/elementor/css/local-900-frontend-desktop.css","200","text/css","",""
"http://localhost:8082/wp-content/uploads/elementor/css/local-885-frontend-desktop.css","200","text/css","",""
"http://localhost:8082/wp-content/uploads/elementor/css/local-896-frontend-desktop.css","200","text/css","",""
"http://localhost:8082/wp-content/uploads/elementor/css/local-923-frontend-desktop.css","200","text/css","",""
"http://localhost:8082/wp-content/uploads/elementor/css/local-925-frontend-desktop.css","200","text/css","",""
"http://localhost:8082/wp-content/uploads/elementor/css/local-913-frontend-desktop.css","200","text/css","",""
"http://localhost:8082/wp-content/uploads/elementor/css/local-904-frontend-desktop.css","200","text/css","",""
"http://localhost:8082/wp-content/uploads/elementor/css/local-919-frontend-desktop.css","200","text/css","",""
"http://localhost:8082/wp-content/uploads/elementor/css/local-911-frontend-desktop.css","200","text/css","",""
"http://localhost:8082/wp-content/uploads/elementor/css/local-902-frontend-desktop.css","200","text/css","",""
"http://localhost:8082/wp-content/uploads/elementor/css/local-917-frontend-desktop.css","200","text/css","",""
"http://localhost:8082/wp-content/uploads/elementor/css/post-1192.css","200","text/css","",""
"http://localhost:8082/wp-content/uploads/elementor/css/local-921-frontend-desktop.css","200","text/css","",""
"http://localhost:8082/wp-content/uploads/elementor/css/post-1209.css","200","text/css","",""
"http://localhost:8082/wp-content/uploads/elementor/css/local-915-frontend-desktop.css","200","text/css","",""
"http://localhost:8082/wp-content/uploads/elementor/css/post-16.css","200","text/css","",""
"http://localhost:8082/wp-content/uploads/elementor/css/post-1591.css","200","text/css","",""
"http://localhost:8082/wp-content/uploads/elementor/css/post-1643.css","200","text/css","",""
"http://localhost:8082/wp-content/uploads/elementor/css/post-1621.css","200","text/css","",""
"http://localhost:8082/wp-content/uploads/elementor/css/post-1641.css","200","text/css","",""
"http://localhost:8082/wp-content/uploads/elementor/css/post-1638.css","200","text/css","",""
"http://localhost:8082/wp-content/uploads/elementor/css/post-1238.css","200","text/css","",""
"http://localhost:8082/wp-content/uploads/elementor/css/post-1639.css","200","text/css","",""
"http://localhost:8082/wp-content/uploads/elementor/css/post-1628.css","200","text/css","",""
"http://localhost:8082/wp-content/uploads/elementor/css/post-1225.css","200","text/css","",""
"http://localhost:8082/wp-content/uploads/elementor/css/post-1633.css","200","text/css","",""
"http://localhost:8082/wp-content/uploads/elementor/css/post-1640.css","200","text/css","",""
"http://localhost:8082/wp-content/uploads/elementor/css/post-5.css","200","text/css","",""
"http://localhost:8082/wp-content/uploads/elementor/css/post-53.css","200","text/css","",""
"http://localhost:8082/wp-content/uploads/elementor/css/post-7.css","200","text/css","",""
"http://localhost:8082/wp-content/uploads/elementor/css/post-34.css","200","text/css","",""
"http://localhost:8082/wp-content/uploads/elementor/css/post-25.css","200","text/css","",""
"http://localhost:8082/wp-content/uploads/elementor/css/post-1649.css","200","text/css","",""
"http://localhost:8082/wp-content/uploads/elementor/css/post-863.css","200","text/css","",""
"http://localhost:8082/wp-content/uploads/elementor/css/post-30.css","200","text/css","",""
"http://localhost:8082/wp-content/uploads/elementor/css/post-859.css","200","text/css","",""
"http://localhost:8082/wp-content/uploads/elementor/css/post-861.css","200","text/css","",""
"http://localhost:8082/wp-content/uploads/elementor/css/post-870.css","200","text/css","",""
"http://localhost:8082/wp-content/uploads/elementor/css/post-36.css","200","text/css","",""
"http://localhost:8082/wp-content/uploads/elementor/css/post-881.css","200","text/css","",""
"http://localhost:8082/wp-content/uploads/elementor/css/post-883.css","200","text/css","",""
"http://localhost:8082/wp-content/uploads/elementor/css/post-887.css","200","text/css","",""
"http://localhost:8082/wp-content/uploads/elementor/css/post-911.css","200","text/css","",""
"http://localhost:8082/wp-content/uploads/elementor/css/post-885.css","200","text/css","",""
"http://localhost:8082/wp-content/uploads/elementor/css/post-872.css","200","text/css","",""
"http://localhost:8082/wp-content/uploads/elementor/css/post-896.css","200","text/css","",""
"http://localhost:8082/wp-content/uploads/elementor/css/post-877.css","200","text/css","",""
"http://localhost:8082/wp-content/uploads/elementor/css/post-902.css","200","text/css","",""
"http://localhost:8082/wp-content/uploads/elementor/css/post-900.css","200","text/css","",""
"http://localhost:8082/wp-content/uploads/elementor/css/post-898.css","200","text/css","",""
"http://localhost:8082/wp-content/uploads/elementor/css/post-904.css","200","text/css","",""
"http://localhost:8082/wp-includes/js/dist/escape-html.min.js","200","text/javascript","",""
"http://localhost:8082/wp-includes/js/dist/element.min.js","200","text/javascript","",""
"http://localhost:8082/wp-includes/js/dist/hooks.min.js","200","text/javascript","",""
"http://localhost:8082/wp-includes/js/dist/i18n.min.js","200","text/javascript","",""
"http://localhost:8082/wp-includes/css/dist/block-library/style.min.css","200","text/css","",""
"http://localhost:8082/wp-content/uploads/elementor/css/post-925.css","200","text/css","",""
"http://localhost:8082/wp-content/uploads/elementor/css/post-921.css","200","text/css","",""
"http://localhost:8082/wp-content/uploads/elementor/css/post-913.css","200","text/css","",""
"http://localhost:8082/wp-content/uploads/elementor/css/post-915.css","200","text/css","",""
"http://localhost:8082/wp-content/uploads/elementor/css/post-917.css","200","text/css","",""
"http://localhost:8082/wp-content/uploads/elementor/css/post-919.css","200","text/css","",""
"http://localhost:8082/wp-content/uploads/elementor/css/post-923.css","200","text/css","",""
"http://localhost:8082/wp-includes/js/dist/vendor/react.min.js","200","text/javascript","",""
"http://localhost:8082/wp-includes/js/imagesloaded.min.js","200","text/javascript","",""
"http://localhost:8082/wp-includes/js/jquery/jquery-migrate.min.js","200","text/javascript","",""
"http://localhost:8082/wp-includes/js/jquery/ui/core.min.js","200","text/javascript","",""
"http://localhost:8082/wp-includes/js/jquery/jquery.min.js","200","text/javascript","",""
"http://localhost:8082/wp-includes/js/dist/vendor/react-dom.min.js","200","text/javascript","",""
