"type","url"
"post","http://localhost:8082/job-outlook-for-physical-therapist-assistant-2022/"
"post","http://localhost:8082/a-breakdown-of-the-nursing-degree-program/"
"post","http://localhost:8082/why-should-you-become-a-physical-therapist-assistant/"
"post","http://localhost:8082/how-to-become-a-physical-therapist-assistant-a-step-by-step-guide/"
"post","http://localhost:8082/physical-therapist-assistant-program-requirements/"
"post","http://localhost:8082/choosing-u-s-higher-education/"
"post","http://localhost:8082/what-physical-therapist-assistants-do/"
"post","http://localhost:8082/registered-nurse-rn-associate-in-applied-science/"
"post","http://localhost:8082/how-to-become-a-registered-nurse-in-6-steps/"
"post","http://localhost:8082/physical-therapist-assistant-job-description/"
"post","http://localhost:8082/job-outlook-for-rn-2022/"
"post","http://localhost:8082/become-registered-nurse-miami-florida/"
"post","http://localhost:8082/board-of-nursing-professional-licensure-requirements/"
"post","http://localhost:8082/occupational-outlook-physical-therapist-assistant/"
"post","http://localhost:8082/employment-outlook-for-pta/"
"post","http://localhost:8082/how-to-pay-for-college/"
"post","http://localhost:8082/physical-therapist-assistant-in-florida/"
"post","http://localhost:8082/registered-nurses-make-florida/"
"post","http://localhost:8082/professional-nursing-values/"
"post","http://localhost:8082/patient-dignity-healthcare/"
"post","http://localhost:8082/blog-registered-nurse-in-florida-career-path/"
"post","http://localhost:8082/professional-nurse-registered-nurse/"
"post","http://localhost:8082/blog-physical-therapist-assistant-program/"
"post","http://localhost:8082/become-physical-therapist-assistant-7-steps/"
"post","http://localhost:8082/pta-salary-guide/"
"post","http://localhost:8082/home-health-physical-therapist-assistant/"
"post","http://localhost:8082/physical-therapy-school/"
"post","http://localhost:8082/pta-program-near-me/"
"post","http://localhost:8082/males-in-nursing/"
"post","http://localhost:8082/how-much-does-a-physical-therapist-assistant-make/"
"post","http://localhost:8082/understanding-pta-role/"
"post","http://localhost:8082/become-a-nurse-in-florida-at-saber-college/"
"post","http://localhost:8082/professional-nursing-demands-grow-in-florida-as-population-ages/"
"post","http://localhost:8082/4-reasons-to-become-a-nurse-in-2022/"
"post","http://localhost:8082/duties-of-a-physical-therapist-assistant/"
"post","http://localhost:8082/what-you-can-do-with-a-nursing-degree/"
"post","http://localhost:8082/understanding-floridas-nclex/"
"post","http://localhost:8082/learn-about-physical-therapist-assistants/"
"post","http://localhost:8082/becoming-a-physical-therapist-assistant/"
"post","http://localhost:8082/how-long-does-it-take-to-become-a-physical-therapist-assistant/"
"post","http://localhost:8082/requirements-to-become-a-physical-therapist-assistant-in-florida/"
"post","http://localhost:8082/can-i-take-the-nclex-without-a-nursing-degree/"
"post","http://localhost:8082/preparing-to-become-a-registered-nurse/"
"post","http://localhost:8082/physical_therapist_assistant_program_in_miami/"
"post","http://localhost:8082/become-an-rn-in-florida/"
"post","http://localhost:8082/blog-pta-program-in-miami-january-2025/"
"post","http://localhost:8082/blog-curso-VESL-online-ingles-en-linea/"
"post","http://localhost:8082/blog-career-as-a-physical-therapist-assistant/"
"post","http://localhost:8082/become-registered-nurse-saber-college/"
"post","http://localhost:8082/3-steps-to-becoming-a-registered-nurse/"
"post","http://localhost:8082/registered-nurse-job-duties/"
"post","http://localhost:8082/saber-college-dual-commencement/"
"post","http://localhost:8082/nursing-program-earn-nln-cnea-accreditation/"
"post","http://localhost:8082/programa-de-enfermeria-nln-cnea/"
"post","http://localhost:8082/a-breakdown-of-the-physical-therapist-assistant-degree-program/"
"post","http://localhost:8082/7-reasons-to-study-nursing-in-miami-fl/"
"post","http://localhost:8082/7_razones_para_estudiar_enfermeria/"
"post","http://localhost:8082/saber_college_pathway_healthcare_language_success/"
"post","http://localhost:8082/registered_nurse_in_miami_florida/"
"post","http://localhost:8082/programa_de_enfermeria_en_miami/"
"post","http://localhost:8082/get_ready_npte_pta_exam/"
"post","http://localhost:8082/nurse-salaries-miami-florida-2025/"
"post","http://localhost:8082/preparacion-examen-npte-pta-saber-college/"
"post","http://localhost:8082/pavel_pugh_nln_cnea_appointment/"
"post","http://localhost:8082/saber-college-dr-pavel-pugh-nombramiento-nln-cnea/"
"post","http://localhost:8082/saber-college-pta-students-join-moving-day-miami/"
"post","http://localhost:8082/saber-college-pta-camina-moving-day-miami/"
"post","http://localhost:8082/programa-VESL-online-para-trabajo/"
"post","http://localhost:8082/programa-de-enfermeria-de-fin-de-semana-miami/"
"post","http://localhost:8082/weekend-nursing-program/"
"post","http://localhost:8082/weekend-nursing-programs/"
"post","http://localhost:8082/programas-enfermeria-fines-de-semana/"
"post","http://localhost:8082/VESL-online-florida-saber-college/"
"post","http://localhost:8082/npte-exam-pta-saber-college/"
"post","http://localhost:8082/examen-npte-pta-saber-college/"
"post","http://localhost:8082/simulacion-clinica-en-enfermeria-saber-college/"
"post","http://localhost:8082/clinical-simulation-in-nursing-saber-college/"
"post","http://localhost:8082/estudiar-enfermeria-en-miami-2026/"
"post","http://localhost:8082/study-nursing-in-miami-2026/"
"post","http://localhost:8082/rol-del-physical-therapist-assistant/"
"post","http://localhost:8082/physical-therapist-assistant-role-explained/"
"post","http://localhost:8082/venezuela-needs-us/"
"post","http://localhost:8082/more-than-a-mascot-today-we-introduce-sabi-the-symbol-that-inspires-the-saber-college-community/"
"post","http://localhost:8082/how-was-sabi-born-the-story-behind-our-mascot/"
"post","http://localhost:8082/3779-2/"
"post","http://localhost:8082/programas_salud_saber_college_en_miami/"
"page","http://localhost:8082/"
"page","http://localhost:8082/general/tuition-payment-options/"
"page","http://localhost:8082/student-services/student-transcript-request/"
"page","http://localhost:8082/general/visa-i-20-assistance/"
"page","http://localhost:8082/general/heerf-quarterly-reports/"
"page","http://localhost:8082/general/manuals/"
"page","http://localhost:8082/general/institutional-plans/"
"page","http://localhost:8082/general/safety-plan/"
"page","http://localhost:8082/45-day-report-on-ed-grants/"
"page","http://localhost:8082/general/"
"page","http://localhost:8082/general/net-price-calculator/"
"page","http://localhost:8082/privacy-policy/"
"page","http://localhost:8082/saber_college_programs/professional-nursing-program/nursing-admissions/"
"page","http://localhost:8082/about_saber_college/contact/"
"page","http://localhost:8082/saber_college_blog/"
"page","http://localhost:8082/general/saber-college-distance-education/"
"page","http://localhost:8082/general/saber-college-faculty/"
"page","http://localhost:8082/general/gainful-employment-programs/"
"page","http://localhost:8082/saber-college-accreditation/"
"page","http://localhost:8082/saber_college_programs/physical-therapist-assistant-program/admissions-pta/"
"page","http://localhost:8082/apply-to-saber-college/"
"page","http://localhost:8082/saber_college_programs/physical-therapist-assistant-program/"
"page","http://localhost:8082/general/explore-saber-college-gallery/"
"page","http://localhost:8082/saber_college_programs/professional-nursing-program/"
"page","http://localhost:8082/campus-location/"
"page","http://localhost:8082/general/saber_college_leadership/"
"page","http://localhost:8082/saber_college_programs/"
"page","http://localhost:8082/about_saber_college/"
"page","http://localhost:8082/admissions-and-tuition/"
"page","http://localhost:8082/request-info/"
"page","http://localhost:8082/general/graduation-requirements/"
"page","http://localhost:8082/student-services/saber-survey/"
"page","http://localhost:8082/student-services/career-services/"
"page","http://localhost:8082/student-services/academic-affairs/"
"page","http://localhost:8082/student-services/"
"page","http://localhost:8082/terms-conditions/"
"category","http://localhost:8082/category/healthcare-program/"
"category","http://localhost:8082/category/physical-therapist/"
"category","http://localhost:8082/category/sabi/"
"category","http://localhost:8082/category/professional-nursing/"
"category","http://localhost:8082/category/VESL/"
"category","http://localhost:8082/category/medical-assisting/"
"category","http://localhost:8082/category/higher-education/"
"category","http://localhost:8082/category/healthcare-career-resources/"
"category","http://localhost:8082/category/healthcare-career-resources/financial-aid/"
"category","http://localhost:8082/category/college-news/"
