"url","h1","h2","h3","h4","h5","h6","hierarchy_gaps","images","missing_alt_attribute","empty_alt","missing_dimensions","lazy_images","external_http_references","issue"
"http://localhost:8082/job-outlook-for-physical-therapist-assistant-2022/","6","2","0","0","0","0","","7","0","6","0","4","http://localhost:8082","Multiple H1 (6); External HTTP references (1)"
"http://localhost:8082/a-breakdown-of-the-nursing-degree-program/","6","2","0","0","0","0","","7","0","6","0","4","http://localhost:8082","Multiple H1 (6); External HTTP references (1)"
"http://localhost:8082/why-should-you-become-a-physical-therapist-assistant/","6","2","1","0","0","0","","7","0","6","0","4","http://localhost:8082","Multiple H1 (6); External HTTP references (1)"
"http://localhost:8082/how-to-become-a-physical-therapist-assistant-a-step-by-step-guide/","5","4","0","0","0","0","","7","0","6","0","4","http://localhost:8082","Multiple H1 (5); External HTTP references (1)"
"http://localhost:8082/physical-therapist-assistant-program-requirements/","5","3","0","0","0","0","","7","0","6","0","4","http://localhost:8082","Multiple H1 (5); External HTTP references (1)"
"http://localhost:8082/choosing-u-s-higher-education/","6","2","1","1","1","4","","7","0","6","0","4","http://localhost:8082","Multiple H1 (6); External HTTP references (1)"
"http://localhost:8082/what-physical-therapist-assistants-do/","6","2","1","1","1","2","","7","0","6","0","4","http://localhost:8082","Multiple H1 (6); External HTTP references (1)"
"http://localhost:8082/registered-nurse-rn-associate-in-applied-science/","5","2","1","1","1","2","","7","0","6","0","4","http://localhost:8082","Multiple H1 (5); External HTTP references (1)"
"http://localhost:8082/how-to-become-a-registered-nurse-in-6-steps/","6","2","1","1","1","1","","7","0","6","0","4","http://localhost:8082","Multiple H1 (6); External HTTP references (1)"
"http://localhost:8082/physical-therapist-assistant-job-description/","6","2","1","1","1","1","","7","0","6","0","4","http://localhost:8082 | http://continuumrehabilitation.com/pdf/Physical%20Therapist%20Assistant%20Job%20Description.pdf","Multiple H1 (6); External HTTP references (2)"
"http://localhost:8082/job-outlook-for-rn-2022/","6","2","0","0","0","0","","7","0","6","0","4","http://localhost:8082","Multiple H1 (6); External HTTP references (1)"
"http://localhost:8082/become-registered-nurse-miami-florida/","5","2","2","1","1","1","","7","0","6","0","4","http://localhost:8082","Multiple H1 (5); External HTTP references (1)"
"http://localhost:8082/board-of-nursing-professional-licensure-requirements/","5","2","1","1","1","2","","7","0","6","0","4","http://localhost:8082","Multiple H1 (5); External HTTP references (1)"
"http://localhost:8082/occupational-outlook-physical-therapist-assistant/","6","2","1","1","1","3","","7","0","6","0","4","http://localhost:8082","Multiple H1 (6); External HTTP references (1)"
"http://localhost:8082/employment-outlook-for-pta/","5","3","2","1","1","4","H1 to H3","7","0","6","0","4","http://localhost:8082","Multiple H1 (5); External HTTP references (1)"
"http://localhost:8082/how-to-pay-for-college/","5","9","2","0","0","0","","7","0","6","0","4","http://localhost:8082","Multiple H1 (5); External HTTP references (1)"
"http://localhost:8082/physical-therapist-assistant-in-florida/","5","6","3","0","0","0","","7","0","6","0","4","http://localhost:8082","Multiple H1 (5); External HTTP references (1)"
"http://localhost:8082/registered-nurses-make-florida/","5","9","0","0","0","0","","7","0","6","0","4","http://localhost:8082","Multiple H1 (5); External HTTP references (1)"
"http://localhost:8082/professional-nursing-values/","5","3","1","1","1","0","","7","0","6","0","4","http://localhost:8082","Multiple H1 (5); External HTTP references (1)"
"http://localhost:8082/patient-dignity-healthcare/","5","3","0","0","0","0","","7","0","6","0","4","http://localhost:8082","Multiple H1 (5); External HTTP references (1)"
"http://localhost:8082/blog-registered-nurse-in-florida-career-path/","5","3","5","0","0","0","","7","0","6","0","4","http://localhost:8082","Multiple H1 (5); External HTTP references (1)"
"http://localhost:8082/professional-nurse-registered-nurse/","5","2","1","1","1","1","","7","0","6","0","4","http://localhost:8082","Multiple H1 (5); External HTTP references (1)"
"http://localhost:8082/blog-physical-therapist-assistant-program/","5","3","4","0","0","0","","7","0","6","0","4","http://localhost:8082","Multiple H1 (5); External HTTP references (1)"
"http://localhost:8082/become-physical-therapist-assistant-7-steps/","5","2","1","1","0","0","","7","0","6","0","4","http://localhost:8082","Multiple H1 (5); External HTTP references (1)"
"http://localhost:8082/pta-salary-guide/","5","2","6","0","0","0","","7","0","6","0","4","http://localhost:8082","Multiple H1 (5); External HTTP references (1)"
"http://localhost:8082/home-health-physical-therapist-assistant/","5","2","1","1","1","1","","7","0","6","0","4","http://localhost:8082","Multiple H1 (5); External HTTP references (1)"
"http://localhost:8082/physical-therapy-school/","6","2","1","1","0","0","","7","0","6","0","4","http://localhost:8082","Multiple H1 (6); External HTTP references (1)"
"http://localhost:8082/pta-program-near-me/","5","1","3","0","0","0","H1 to H3","7","0","6","0","4","http://localhost:8082","Multiple H1 (5); External HTTP references (1)"
"http://localhost:8082/males-in-nursing/","5","2","1","2","0","0","","7","0","6","0","4","http://localhost:8082","Multiple H1 (5); External HTTP references (1)"
"http://localhost:8082/how-much-does-a-physical-therapist-assistant-make/","5","2","1","1","1","0","","7","0","6","0","4","http://localhost:8082","Multiple H1 (5); External HTTP references (1)"
"http://localhost:8082/understanding-pta-role/","5","3","2","1","0","0","H2 to H4","7","0","6","0","4","http://localhost:8082","Multiple H1 (5); External HTTP references (1)"
"http://localhost:8082/become-a-nurse-in-florida-at-saber-college/","5","3","0","0","0","0","","7","0","6","0","4","http://localhost:8082","Multiple H1 (5); External HTTP references (1)"
"http://localhost:8082/professional-nursing-demands-grow-in-florida-as-population-ages/","6","2","0","0","0","0","","7","0","6","0","4","http://localhost:8082","Multiple H1 (6); External HTTP references (1)"
"http://localhost:8082/4-reasons-to-become-a-nurse-in-2022/","6","1","1","1","0","0","H1 to H3","7","0","6","0","4","http://localhost:8082","Multiple H1 (6); External HTTP references (1)"
"http://localhost:8082/duties-of-a-physical-therapist-assistant/","6","2","0","0","0","0","","7","0","6","0","4","http://localhost:8082","Multiple H1 (6); External HTTP references (1)"
"http://localhost:8082/what-you-can-do-with-a-nursing-degree/","6","2","0","0","0","0","","7","0","6","0","4","http://localhost:8082","Multiple H1 (6); External HTTP references (1)"
"http://localhost:8082/understanding-floridas-nclex/","5","5","0","0","0","0","","7","0","6","0","4","http://localhost:8082","Multiple H1 (5); External HTTP references (1)"
"http://localhost:8082/learn-about-physical-therapist-assistants/","6","2","1","0","0","0","","7","0","6","0","4","http://localhost:8082","Multiple H1 (6); External HTTP references (1)"
"http://localhost:8082/becoming-a-physical-therapist-assistant/","6","2","0","0","0","0","","7","0","6","0","4","http://localhost:8082","Multiple H1 (6); External HTTP references (1)"
"http://localhost:8082/how-long-does-it-take-to-become-a-physical-therapist-assistant/","6","2","0","0","0","0","","7","0","6","0","4","http://localhost:8082","Multiple H1 (6); External HTTP references (1)"
"http://localhost:8082/requirements-to-become-a-physical-therapist-assistant-in-florida/","5","4","0","0","0","0","","7","0","6","0","4","http://localhost:8082","Multiple H1 (5); External HTTP references (1)"
"http://localhost:8082/can-i-take-the-nclex-without-a-nursing-degree/","6","2","1","2","0","1","H4 to H6","7","0","6","0","4","http://localhost:8082","Multiple H1 (6); External HTTP references (1)"
"http://localhost:8082/preparing-to-become-a-registered-nurse/","6","2","0","0","0","0","","7","0","6","0","4","http://localhost:8082","Multiple H1 (6); External HTTP references (1)"
"http://localhost:8082/physical_therapist_assistant_program_in_miami/","5","2","1","1","0","0","","7","0","6","0","4","http://localhost:8082","Multiple H1 (5); External HTTP references (1)"
"http://localhost:8082/become-an-rn-in-florida/","5","2","6","0","0","0","","7","0","6","0","4","http://localhost:8082","Multiple H1 (5); External HTTP references (1)"
"http://localhost:8082/blog-pta-program-in-miami-january-2025/","6","2","0","4","0","0","H2 to H4","7","0","6","0","4","http://localhost:8082","Multiple H1 (6); External HTTP references (1)"
"http://localhost:8082/blog-curso-VESL-online-ingles-en-linea/","5","4","2","0","0","0","","7","0","6","0","4","http://localhost:8082 | http://tel+13054439170/","Multiple H1 (5); External HTTP references (2)"
"http://localhost:8082/blog-career-as-a-physical-therapist-assistant/","5","3","6","1","0","0","","7","0","6","0","4","http://localhost:8082","Multiple H1 (5); External HTTP references (1)"
"http://localhost:8082/become-registered-nurse-saber-college/","6","2","1","1","1","1","","7","0","6","0","4","http://localhost:8082","Multiple H1 (6); External HTTP references (1)"
"http://localhost:8082/3-steps-to-becoming-a-registered-nurse/","5","1","4","0","0","0","H1 to H3","7","0","6","0","4","http://localhost:8082","Multiple H1 (5); External HTTP references (1)"
"http://localhost:8082/registered-nurse-job-duties/","5","3","1","0","0","0","","7","0","6","0","4","http://localhost:8082","Multiple H1 (5); External HTTP references (1)"
"http://localhost:8082/saber-college-dual-commencement/","5","1","0","0","0","0","","7","0","6","0","4","http://localhost:8082","Multiple H1 (5); External HTTP references (1)"
"http://localhost:8082/nursing-program-earn-nln-cnea-accreditation/","5","1","1","0","0","0","H1 to H3","7","0","6","0","4","http://localhost:8082","Multiple H1 (5); External HTTP references (1)"
"http://localhost:8082/programa-de-enfermeria-nln-cnea/","5","1","1","0","0","0","H1 to H3","7","0","6","0","4","http://localhost:8082","Multiple H1 (5); External HTTP references (1)"
"http://localhost:8082/a-breakdown-of-the-physical-therapist-assistant-degree-program/","5","2","6","0","0","0","","7","0","6","0","4","http://localhost:8082","Multiple H1 (5); External HTTP references (1)"
"http://localhost:8082/7-reasons-to-study-nursing-in-miami-fl/","5","2","0","8","0","0","H1 to H4 | H2 to H4","7","0","6","0","4","http://localhost:8082","Multiple H1 (5); External HTTP references (1)"
"http://localhost:8082/7_razones_para_estudiar_enfermeria/","6","1","8","0","0","0","H1 to H3","7","0","6","0","4","http://localhost:8082","Multiple H1 (6); External HTTP references (1)"
"http://localhost:8082/saber_college_pathway_healthcare_language_success/","5","7","0","0","0","0","","7","0","6","0","4","http://localhost:8082","Multiple H1 (5); External HTTP references (1)"
"http://localhost:8082/registered_nurse_in_miami_florida/","5","6","1","1","0","0","H1 to H3 | H2 to H4","7","0","6","0","4","http://localhost:8082","Multiple H1 (5); External HTTP references (1)"
"http://localhost:8082/programa_de_enfermeria_en_miami/","5","6","0","0","0","0","","7","0","6","0","4","http://localhost:8082","Multiple H1 (5); External HTTP references (1)"
"http://localhost:8082/get_ready_npte_pta_exam/","5","3","5","0","0","0","","7","0","6","0","4","http://localhost:8082","Multiple H1 (5); External HTTP references (1)"
"http://localhost:8082/nurse-salaries-miami-florida-2025/","5","8","0","0","0","0","","7","0","6","0","4","http://localhost:8082","Multiple H1 (5); External HTTP references (1)"
"http://localhost:8082/preparacion-examen-npte-pta-saber-college/","5","8","0","0","0","0","","7","0","6","0","4","http://localhost:8082","Multiple H1 (5); External HTTP references (1)"
"http://localhost:8082/pavel_pugh_nln_cnea_appointment/","5","1","4","0","0","0","H1 to H3","7","0","6","0","4","http://localhost:8082","Multiple H1 (5); External HTTP references (1)"
"http://localhost:8082/saber-college-dr-pavel-pugh-nombramiento-nln-cnea/","5","1","3","0","0","0","H1 to H3","7","0","6","0","4","http://localhost:8082","Multiple H1 (5); External HTTP references (1)"
"http://localhost:8082/saber-college-pta-students-join-moving-day-miami/","5","1","4","0","0","0","H1 to H3","7","0","6","0","4","http://localhost:8082","Multiple H1 (5); External HTTP references (1)"
"http://localhost:8082/saber-college-pta-camina-moving-day-miami/","5","1","4","0","0","0","H1 to H3","7","0","6","0","4","http://localhost:8082","Multiple H1 (5); External HTTP references (1)"
"http://localhost:8082/programa-VESL-online-para-trabajo/","5","2","4","0","0","0","","7","0","6","0","4","http://localhost:8082","Multiple H1 (5); External HTTP references (1)"
"http://localhost:8082/programa-de-enfermeria-de-fin-de-semana-miami/","5","8","0","0","0","0","","7","0","6","0","4","http://localhost:8082","Multiple H1 (5); External HTTP references (1)"
"http://localhost:8082/weekend-nursing-program/","5","8","0","0","0","0","","7","0","6","0","4","http://localhost:8082","Multiple H1 (5); External HTTP references (1)"
"http://localhost:8082/weekend-nursing-programs/","5","2","5","0","0","0","H1 to H3","7","0","6","0","4","http://localhost:8082","Multiple H1 (5); External HTTP references (1)"
"http://localhost:8082/programas-enfermeria-fines-de-semana/","5","2","5","0","0","0","H1 to H3","7","0","6","0","4","http://localhost:8082","Multiple H1 (5); External HTTP references (1)"
"http://localhost:8082/VESL-online-florida-saber-college/","5","1","9","0","0","0","H1 to H3","7","0","6","0","4","http://localhost:8082","Multiple H1 (5); External HTTP references (1)"
"http://localhost:8082/npte-exam-pta-saber-college/","5","1","7","0","0","0","H1 to H3","7","0","6","0","4","http://localhost:8082","Multiple H1 (5); External HTTP references (1)"
"http://localhost:8082/examen-npte-pta-saber-college/","5","2","7","0","0","0","","7","0","6","0","4","http://localhost:8082","Multiple H1 (5); External HTTP references (1)"
"http://localhost:8082/simulacion-clinica-en-enfermeria-saber-college/","5","1","6","0","0","0","H1 to H3","7","0","6","0","4","http://localhost:8082","Multiple H1 (5); External HTTP references (1)"
"http://localhost:8082/clinical-simulation-in-nursing-saber-college/","5","1","6","0","0","0","H1 to H3","7","0","6","0","4","http://localhost:8082","Multiple H1 (5); External HTTP references (1)"
"http://localhost:8082/estudiar-enfermeria-en-miami-2026/","5","3","5","0","0","0","","7","0","6","0","4","http://localhost:8082","Multiple H1 (5); External HTTP references (1)"
"http://localhost:8082/study-nursing-in-miami-2026/","5","4","5","0","0","0","","7","0","6","0","4","http://localhost:8082","Multiple H1 (5); External HTTP references (1)"
"http://localhost:8082/rol-del-physical-therapist-assistant/","6","8","0","0","0","0","","7","0","6","0","4","http://localhost:8082","Multiple H1 (6); External HTTP references (1)"
"http://localhost:8082/physical-therapist-assistant-role-explained/","5","6","0","0","0","0","","7","0","6","0","4","http://localhost:8082","Multiple H1 (5); External HTTP references (1)"
"http://localhost:8082/venezuela-needs-us/","5","5","3","0","0","0","","7","0","6","0","4","http://localhost:8082","Multiple H1 (5); External HTTP references (1)"
"http://localhost:8082/more-than-a-mascot-today-we-introduce-sabi-the-symbol-that-inspires-the-saber-college-community/","5","6","0","0","0","0","","7","0","6","0","4","http://localhost:8082","Multiple H1 (5); External HTTP references (1)"
"http://localhost:8082/how-was-sabi-born-the-story-behind-our-mascot/","5","7","0","0","0","0","","7","0","6","0","4","http://localhost:8082 | http://wordpress.home/?p=327 | http://wordpress.home/ | http://wordpress.home/?p=305","Multiple H1 (5); External HTTP references (4)"
"http://localhost:8082/3779-2/","5","10","0","0","0","0","","8","0","7","0","5","http://localhost:8082","Multiple H1 (5); External HTTP references (1)"
"http://localhost:8082/programas_salud_saber_college_en_miami/","5","7","0","0","0","0","","7","0","6","0","4","http://localhost:8082","Multiple H1 (5); External HTTP references (1)"
"http://localhost:8082/","5","9","6","0","0","0","","11","0","9","0","2","http://localhost:8082","Multiple H1 (5); External HTTP references (1)"
"http://localhost:8082/general/tuition-payment-options/","1","0","0","0","0","0","","7","0","6","0","0","http://localhost:8082","External HTTP references (1)"
"http://localhost:8082/student-services/student-transcript-request/","1","0","0","0","0","0","","7","0","6","0","0","http://localhost:8082","External HTTP references (1)"
"http://localhost:8082/general/visa-i-20-assistance/","1","5","0","0","0","0","","7","0","6","0","0","http://localhost:8082","External HTTP references (1)"
"http://localhost:8082/general/heerf-quarterly-reports/","1","8","0","0","0","0","","7","0","6","0","0","http://localhost:8082","External HTTP references (1)"
"http://localhost:8082/general/manuals/","1","1","8","0","0","0","","7","0","6","0","0","http://localhost:8082","External HTTP references (1)"
"http://localhost:8082/general/institutional-plans/","1","0","0","0","0","0","","7","0","6","0","0","http://localhost:8082 | http://www.instagram.com/sabercollege","External HTTP references (2)"
"http://localhost:8082/general/safety-plan/","1","0","0","0","0","0","","7","0","6","0","0","http://localhost:8082","External HTTP references (1)"
"http://localhost:8082/45-day-report-on-ed-grants/","1","1","0","0","0","0","","7","0","6","0","0","http://localhost:8082","External HTTP references (1)"
"http://localhost:8082/general/","1","11","0","0","0","0","","7","0","6","0","0","http://localhost:8082","External HTTP references (1)"
"http://localhost:8082/general/net-price-calculator/","1","5","0","0","0","0","","7","0","6","0","0","http://localhost:8082 | http://www.fafsa.ed.gov/","External HTTP references (2)"
"http://localhost:8082/privacy-policy/","1","12","3","0","0","0","","7","0","6","0","0","http://localhost:8082","External HTTP references (1)"
"http://localhost:8082/saber_college_programs/professional-nursing-program/nursing-admissions/","1","4","1","0","0","0","","7","0","6","0","0","http://localhost:8082","External HTTP references (1)"
"http://localhost:8082/about_saber_college/contact/","1","1","0","0","0","0","","7","0","6","0","0","http://localhost:8082","External HTTP references (1)"
"http://localhost:8082/saber_college_blog/","17","0","0","0","0","0","","7","0","6","0","0","http://localhost:8082","Multiple H1 (17); External HTTP references (1)"
"http://localhost:8082/general/saber-college-distance-education/","1","5","0","0","0","0","","7","0","6","0","0","http://localhost:8082","External HTTP references (1)"
"http://localhost:8082/general/saber-college-faculty/","1","1","4","0","0","0","","7","0","6","0","0","http://localhost:8082","External HTTP references (1)"
"http://localhost:8082/general/gainful-employment-programs/","1","4","2","0","0","0","","7","0","6","0","0","http://localhost:8082","External HTTP references (1)"
"http://localhost:8082/saber-college-accreditation/","1","0","0","0","0","0","","7","0","6","0","0","http://localhost:8082","External HTTP references (1)"
"http://localhost:8082/saber_college_programs/physical-therapist-assistant-program/admissions-pta/","1","2","1","0","0","0","","7","0","6","0","0","http://localhost:8082","External HTTP references (1)"
"http://localhost:8082/apply-to-saber-college/","1","3","5","0","0","0","","7","0","6","0","0","http://localhost:8082","External HTTP references (1)"
"http://localhost:8082/saber_college_programs/physical-therapist-assistant-program/","1","6","0","0","0","0","","11","0","10","0","2","http://localhost:8082","External HTTP references (1)"
"http://localhost:8082/general/explore-saber-college-gallery/","1","1","0","0","0","0","","7","0","6","0","0","http://localhost:8082","External HTTP references (1)"
"http://localhost:8082/saber_college_programs/professional-nursing-program/","1","7","0","0","0","0","","11","0","10","0","2","http://localhost:8082","External HTTP references (1)"
"http://localhost:8082/campus-location/","1","2","0","0","0","0","","7","0","6","0","0","http://localhost:8082","External HTTP references (1)"
"http://localhost:8082/general/saber_college_leadership/","1","3","0","0","0","0","","7","0","6","0","0","http://localhost:8082","External HTTP references (1)"
"http://localhost:8082/saber_college_programs/","0","1","3","0","0","0","","8","0","6","0","0","http://localhost:8082","Missing H1; External HTTP references (1)"
"http://localhost:8082/about_saber_college/","1","6","0","0","0","0","","10","0","9","0","1","http://localhost:8082","External HTTP references (1)"
"http://localhost:8082/admissions-and-tuition/","1","6","6","0","0","0","","7","0","6","0","0","http://localhost:8082","External HTTP references (1)"
"http://localhost:8082/request-info/","1","0","0","0","0","0","","7","0","6","0","0","http://localhost:8082","External HTTP references (1)"
"http://localhost:8082/general/graduation-requirements/","1","4","3","0","0","0","","7","0","6","0","0","http://localhost:8082","External HTTP references (1)"
"http://localhost:8082/student-services/saber-survey/","1","0","0","0","0","0","","7","0","6","0","0","http://localhost:8082","External HTTP references (1)"
"http://localhost:8082/student-services/career-services/","1","0","0","0","0","0","","7","0","6","0","0","http://localhost:8082","External HTTP references (1)"
"http://localhost:8082/student-services/academic-affairs/","1","0","0","0","0","0","","7","0","6","0","0","http://localhost:8082","External HTTP references (1)"
"http://localhost:8082/student-services/","1","0","0","0","0","0","","7","0","6","0","0","http://localhost:8082 | http://studentaid.ed.gov/sa/repay-loans/disputes/prepare/contact-ombudsman","External HTTP references (2)"
"http://localhost:8082/terms-conditions/","1","0","0","1","0","0","H1 to H4","7","0","6","0","0","http://localhost:8082","External HTTP references (1)"
"http://localhost:8082/category/healthcare-program/","1","10","0","0","0","0","","17","0","16","0","0","http://localhost:8082","External HTTP references (1)"
"http://localhost:8082/category/physical-therapist/","1","10","0","0","0","0","","17","0","16","0","0","http://localhost:8082","External HTTP references (1)"
"http://localhost:8082/category/sabi/","1","2","0","0","0","0","","9","0","7","0","0","http://localhost:8082","External HTTP references (1)"
"http://localhost:8082/category/professional-nursing/","1","10","0","0","0","0","","17","0","16","0","0","http://localhost:8082","External HTTP references (1)"
"http://localhost:8082/category/VESL/","1","2","0","0","0","0","","9","0","8","0","0","http://localhost:8082","External HTTP references (1)"
"http://localhost:8082/category/medical-assisting/","1","2","0","0","0","0","","9","0","8","0","0","http://localhost:8082","External HTTP references (1)"
"http://localhost:8082/category/higher-education/","1","5","0","0","0","0","","12","0","11","0","0","http://localhost:8082","External HTTP references (1)"
"http://localhost:8082/category/healthcare-career-resources/","1","10","0","0","0","0","","17","0","16","0","0","http://localhost:8082","External HTTP references (1)"
"http://localhost:8082/category/healthcare-career-resources/financial-aid/","1","1","0","0","0","0","","8","0","7","0","0","http://localhost:8082","External HTTP references (1)"
"http://localhost:8082/category/college-news/","1","1","0","0","0","0","","8","0","7","0","0","http://localhost:8082","External HTTP references (1)"
"http://localhost:8082/lp/medical-assistant-program/","2","38","2","0","0","0","","2","0","2","0","0","","Multiple H1 (2)"
"http://localhost:8082/lp/vesl/","2","54","4","0","0","0","","2","0","2","0","0","","Multiple H1 (2)"
"http://localhost:8082/lp/pta/","2","36","2","0","0","0","","2","0","2","0","0","","Multiple H1 (2)"
"http://localhost:8082/lp/pnp/","2","40","2","0","0","0","","2","0","2","0","0","","Multiple H1 (2)"
"http://localhost:8082/lp/campus-location/","0","2","2","0","0","0","","0","0","0","0","0","","Missing H1"
"http://localhost:8082/lp/","1","5","0","0","0","0","","2","0","2","0","0","",""
"http://localhost:8082/thank-you/","1","0","0","0","0","0","","8","0","7","0","0","http://localhost:8082","External HTTP references (1)"
"http://localhost:8082/plan-bunji/","1","0","0","0","0","0","","7","0","6","0","0","http://localhost:8082","External HTTP references (1)"
"http://localhost:8082/saber_college_blog/2/","17","0","0","0","0","0","","7","0","6","0","0","http://localhost:8082","Multiple H1 (17); External HTTP references (1)"
"http://localhost:8082/saber_college_blog/3/","17","0","0","0","0","0","","7","0","6","0","0","http://localhost:8082","Multiple H1 (17); External HTTP references (1)"
"http://localhost:8082/saber_college_blog/4/","17","0","0","0","0","0","","7","0","6","0","0","http://localhost:8082","Multiple H1 (17); External HTTP references (1)"
"http://localhost:8082/saber_college_blog/5/","17","0","0","0","0","0","","7","0","6","0","0","http://localhost:8082","Multiple H1 (17); External HTTP references (1)"
"http://localhost:8082/category/healthcare-program/page/2/","1","2","0","0","0","0","","9","0","8","0","0","http://localhost:8082","External HTTP references (1)"
"http://localhost:8082/category/physical-therapist/page/2/","1","10","0","0","0","0","","17","0","16","0","0","http://localhost:8082","External HTTP references (1)"
"http://localhost:8082/category/professional-nursing/page/2/","1","10","0","0","0","0","","17","0","16","0","0","http://localhost:8082","External HTTP references (1)"
"http://localhost:8082/category/physical-therapist/page/3/","1","10","0","0","0","0","","17","0","16","0","0","http://localhost:8082","External HTTP references (1)"
"http://localhost:8082/category/professional-nursing/page/3/","1","10","0","0","0","0","","17","0","16","0","0","http://localhost:8082","External HTTP references (1)"
"http://localhost:8082/category/physical-therapist/page/4/","1","3","0","0","0","0","","10","0","9","0","0","http://localhost:8082","External HTTP references (1)"
"http://localhost:8082/category/professional-nursing/page/4/","1","10","0","0","0","0","","17","0","16","0","0","http://localhost:8082","External HTTP references (1)"
"http://localhost:8082/category/professional-nursing/page/5/","1","1","0","0","0","0","","8","0","7","0","0","http://localhost:8082","External HTTP references (1)"
